Year,Artist,Count,Rank
1960,Connie Francis,101,7015
1960,The Everly Brothers,87,5621
1960,Jackie Wilson,87,5453
1960,Bobby Rydell,84,5979
1960,Brenda Lee,82,6003
1960,Paul Anka,81,4961
1960,Hank Ballard,79,5107
1960,The Midnighters,79,5107
1960,Fats Domino,79,4553
1960,Bobby Darin,73,4165
1960,Elvis Presley,72,5212
1960,The Jordanaires,71,5208
1960,Brook Benton,60,3499
1960,Marty Robbins,60,2824
1960,Frankie Avalon,59,3066
1960,Jack Scott,56,3305
1960,Marv Johnson,53,2737
1960,Lloyd Price,52,2394
1960,Jim Reeves,50,3124
1960,Little Willie John,50,2013
1960,Bill Black's Combo,49,3446
1960,Dinah Washington,48,2940
1960,Johnny Preston,45,3140
1960,Roy Orbison,44,2579
1960,The Drifters,44,2569
1960,Ricky Nelson,44,2325
1960,Dion,43,2488
1960,Pat Boone,43,1931
1960,Sam Cooke,42,2677
1960,Anita Bryant,40,2367
1960,The Platters,40,2261
1960,The Fleetwoods,39,2054
1960,The Crests,39,1951
1960,Ray Charles,39,1718
1960,Jimmy Jones,37,2592
1960,Johnny Horton,37,2500
1960,Deane Hawley,36,2164
1960,Jimmy Clanton,36,1792
1960,Jimmie Rodgers,36,1423
1960,The Olympics,36,1097
1960,Charlie Ryan,35,1386
1960,the Timberline Riders,35,1386
1960,The Brothers Four,34,1891
1960,The Browns,34,1821
1960,Neil Sedaka,34,1754
1960,Johnny And The Hurricanes,34,1467
1960,Adam Wade,34,996
1960,Johnny Tillotson,33,1846
1960,The Flamingos,33,1190
1960,Fabian,32,1803
1961,Connie Francis,84,5431
1961,Elvis Presley,83,5986
1961,Fats Domino,71,3969
1961,Chubby Checker,70,4629
1961,Brenda Lee,69,4839
1961,The Shirelles,69,4565
1961,Jackie Wilson,65,3109
1961,Brook Benton,58,3486
1961,Ferrante,53,3154
1961,Roy Orbison,52,3634
1961,Bobby Vee,52,3192
1961,The Jordanaires,50,3572
1961,Adam Wade,50,3012
1961,Linda Scott,50,2949
1961,Jerry Butler,48,3003
1961,Hank Ballard,48,2406
1961,The Midnighters,48,2406
1961,Floyd Cramer,46,2885
1961,The Drifters,46,2836
1961,Del Shannon,45,3096
1961,Ben E. King,45,2539
1961,The Everly Brothers,44,2651
1961,Bobby Darin,42,2476
1961,Ricky Nelson,41,2948
1961,The String-A-Longs,40,2358
1961,The Marcels,40,2323
1961,Bert Kaempfert,37,2349
1961,Pat Boone,37,2125
1961,Bobby Lewis,36,2535
1961,Gene McDaniels,36,2520
1961,Neil Sedaka,36,2460
1961,Dion,36,2241
1961,Bobby Rydell,36,2179
1961,The Miracles,34,1794
1961,Frank Gari,34,1741
1961,Ral Donner,33,2022
1961,Ray Charles,33,1809
1961,Marty Robbins,32,1721
1961,Bill Black's Combo,32,1562
1961,Etta James,32,1220
1961,Clarence Henry,31,1902
1961,Johnny Burnette,31,1770
1961,Johnny Tillotson,31,1635
1961,Patti Page,31,1082
1961,The Highwaymen,30,1749
1961,Shep And The Limelites,29,1494
1961,Little Willie John,29,689
1961,Hayley Mills,28,1996
1961,Paul Anka,28,1763
1961,Ernie K-Doe,28,1514
1962,Elvis Presley,80,5856
1962,Brenda Lee,74,4821
1962,The Jordanaires,70,5194
1962,Ray Charles,61,3731
1962,Jimmy Dean,60,3340
1962,Sam Cooke,58,3525
1962,Dion,56,3813
1962,Dee Dee Sharp,53,4169
1962,Joey Dee,50,3233
1962,Connie Francis,50,3200
1962,Gene Pitney,47,3074
1962,Bobby Darin,47,2935
1962,Bobby Vee,47,2885
1962,Brook Benton,47,2660
1962,The Marvelettes,46,2675
1962,Chubby Checker,44,3048
1962,Bobby Vinton,44,2775
1962,Roy Orbison,43,2476
1962,The Shirelles,42,3071
1962,Burl Ives,42,2595
1962,Sue Thompson,42,2543
1962,Paul Anka,40,2235
1962,The Everly Brothers,40,2112
1962,Brian Hyland,39,2242
1962,Bobby Rydell,38,2334
1962,Mr. Acker Bilk,38,2128
1962,Jerry Butler,38,1867
1962,Pat Boone,37,1917
1962,The Crystals,36,2428
1962,James Darren,36,2272
1962,The Dovells,36,1642
1962,Linda Scott,36,970
1962,Etta James,35,1228
1962,Mary Wells,34,2297
1962,Johnny Tillotson,34,2120
1962,Fats Domino,34,1196
1962,Gary U.S. Bonds,33,2228
1962,Sandy Nelson,33,1343
1962,The Champs,32,1772
1962,Bobby Bland,32,1167
1962,Shelley Fabares,31,2108
1962,Johnny Crawford,31,1782
1962,Rick Nelson,29,1972
1962,The Beach Boys,29,1411
1962,Frankie Avalon,29,1164
1962,The 4 Seasons,28,2392
1962,The Isley Brothers,28,1312
1962,Nat King Cole,27,1879
1962,Neil Sedaka,27,1742
1962,Duane Eddy,27,1319
1963,The 4 Seasons,65,3941
1963,Ray Charles,64,3356
1963,The Beach Boys,63,4360
1963,Brenda Lee,63,3468
1963,Chubby Checker,59,3528
1963,Tony Bennett,59,2180
1963,Brook Benton,52,2916
1963,Sam Cooke,51,3433
1963,Dion,49,3239
1963,Rick Nelson,49,2117
1963,Connie Francis,48,2534
1963,Roy Orbison,47,3169
1963,Elvis Presley,46,3167
1963,The Miracles,46,2878
1963,Nat King Cole,43,2406
1963,Gene Pitney,42,2703
1963,The Chiffons,41,2675
1963,Paula,41,2648
1963,Ruby And The Romantics,41,2566
1963,The Romantics,41,2566
1963,Mary Wells,41,2316
1963,Johnny Mathis,41,2108
1963,Marvin Gaye,40,2069
1963,Etta James,40,1984
1963,Lesley Gore,39,3056
1963,Bobby Darin,39,2334
1963,Al Martino,38,2541
1963,The Orlons,38,2487
1963,The Crystals,37,2706
1963,Skeeter Davis,37,2581
1963,Bobby Vinton,37,2560
1963,Bobby Vee,37,2192
1963,Little Peggy March,36,2185
1963,The Kingston Trio,36,2021
1963,Steve Lawrence,35,2300
1963,The Rooftop Singers,35,1924
1963,Henry Mancini,35,1792
1963,The Drifters,34,2252
1963,The Jordanaires,33,2339
1963,Lou Christie,33,1888
1963,Duane Eddy,32,1630
1963,Del Shannon,32,1342
1963,The Marvelettes,32,1168
1963,The Tymes,30,2105
1963,The Surfaris,30,1567
1963,Dee Dee Sharp,29,1659
1963,Little Eva,29,1558
1963,Bobby Bland,29,1390
1963,The Essex,28,1872
1963,Johnny Tillotson,28,1771
1964,The Beatles,206,14242
1964,The Dave Clark Five,68,4880
1964,The Beach Boys,57,4047
1964,Marvin Gaye,57,3385
1964,Chuck Berry,53,2415
1964,Brook Benton,49,1561
1964,Elvis Presley,48,2974
1964,The Impressions,46,3277
1964,The Drifters,46,2818
1964,Ray Charles,46,1976
1964,The 4 Seasons,44,3242
1964,The Supremes,43,3432
1964,Billy J. Kramer,42,2767
1964,The Dakotas,42,2767
1964,Lesley Gore,42,2622
1964,Jack Jones,41,1586
1964,Johnny Tillotson,39,1996
1964,The Dixie Cups,38,2523
1964,The Jordanaires,38,2283
1964,Gene Pitney,38,2222
1964,The Searchers,38,1890
1964,James Brown,38,1882
1964,Dusty Springfield,37,2332
1964,Mary Wells,37,2316
1964,Chubby Checker,37,2050
1964,Al Martino,35,1999
1964,Gerry And The Pacemakers,34,2302
1964,Bobby Freeman,34,1935
1964,The Ronettes,34,1795
1964,The Rolling Stones,34,1723
1964,Major Lance,33,1723
1964,Andy Williams,32,1821
1964,Gloria Lynne,32,1320
1964,Roy Orbison,30,2414
1964,Dean Martin,30,2197
1964,Betty Everett,30,1376
1964,Roger Miller,29,1823
1964,The Everly Brothers,29,1543
1964,Rick Nelson,29,1444
1964,Louis Armstrong,28,2045
1964,The Kingsmen,28,1822
1964,The Temptations,28,1767
1964,Robert Maxwell,28,1426
1964,The Miracles,28,1354
1964,The Tams,28,1319
1964,Nat King Cole,28,1315
1964,Brenda Lee,27,1554
1964,Bobby Goldsboro,27,1286
1964,The Marvelettes,27,1104
1964,Bobby Bland,26,1164
1965,The Beatles,83,6114
1965,Sam The Sham and the Pharaohs,68,4482
1965,Herman's Hermits,62,5003
1965,Sonny,62,3937
1965,Sam Cooke,61,3403
1965,Brenda Lee,55,2589
1965,Bert Kaempfert,53,2935
1965,The Miracles,50,3071
1965,The Supremes,48,4034
1965,Gary Lewis And The Playboys,48,3769
1965,Roger Miller,47,3221
1965,Elvis Presley,47,2602
1965,The Byrds,45,2988
1965,Ronnie Dove,45,2552
1965,Joe Tex,45,2216
1965,Tom Jones,44,2784
1965,The Beach Boys,43,3007
1965,The Temptations,42,2925
1965,The Kinks,42,2710
1965,The Rolling Stones,39,3115
1965,Marvin Gaye,39,2866
1965,Otis Redding,39,1592
1965,Connie Francis,39,1020
1965,The Righteous Brothers,37,2433
1965,Jr. Walker,37,2118
1965,The Jordanaires,36,1875
1965,Lesley Gore,36,1761
1965,The Dave Clark Five,34,2360
1965,The 4 Seasons,34,2082
1965,Marianne Faithfull,34,1794
1965,The Impressions,34,1490
1965,Petula Clark,33,2560
1965,Freddie And The Dreamers,33,2106
1965,Gene Pitney,33,1932
1965,Jack Jones,33,1429
1965,Four Tops,32,2471
1965,Dobie Gray,32,1927
1965,The Shangri-Las,32,1803
1965,Roy Orbison,31,1632
1965,Bobby Vinton,31,1606
1965,Billy Strange,30,1228
1965,Bob Dylan,29,1924
1965,The Animals,29,1764
1965,Billy Joe Royal,28,1705
1965,James Brown,28,1691
1965,The Famous Flames,28,1691
1965,The Beau Brummels,28,1337
1965,Vic Dana,28,1272
1965,Mel Carter,27,1581
1965,Fontella Bass,27,1541
1966,The Beatles,72,5510
1966,Sam The Sham and the Pharaohs,58,3332
1966,The Beach Boys,55,4020
1966,The Lovin' Spoonful,54,4265
1966,Ray Charles,53,2655
1966,The Mamas & The Papas,50,3748
1966,Herman's Hermits,49,3635
1966,The Outsiders,48,2713
1966,Simon & Garfunkel,47,3546
1966,Gary Lewis And The Playboys,44,3191
1966,The Supremes,43,3481
1966,The Rolling Stones,43,3443
1966,The Righteous Brothers,43,2744
1966,James Brown,43,2149
1966,The Famous Flames,43,2149
1966,The Temptations,42,2732
1966,Stevie Wonder,42,2691
1966,Herb Alpert,41,2568
1966,Nancy Sinatra,40,2755
1966,The Hollies,40,2403
1966,Frank Sinatra,39,2337
1966,Paul Revere & The Raiders,38,2669
1966,Roy Orbison,36,1685
1966,Four Tops,35,2217
1966,The Kinks,35,2047
1966,Wilson Pickett,35,2007
1966,Jr. Walker,35,1649
1966,Dean Martin,35,1408
1966,Lou Christie,34,1802
1966,Sonny,34,1770
1966,The Byrds,34,1691
1966,The Critters,34,1576
1966,Percy Sledge,33,2196
1966,The Vogues,33,2093
1966,Bobby Darin,33,1733
1966,Joe Tex,33,1255
1966,Elvis Presley,32,1386
1966,The Association,31,2213
1966,Lee Dorsey,31,1666
1966,The Standells,31,1454
1966,Eddy Arnold,31,1346
1966,The 4 Seasons,30,1958
1966,Petula Clark,30,1883
1966,Neil Diamond,30,1740
1966,Johnny Rivers,29,1999
1966,Tommy Roe,29,1962
1966,Tommy James And The Shondells,29,1919
1966,Dionne Warwick,29,1726
1966,Bob Dylan,29,1721
1966,Mitch Ryder,28,1922
1967,Nancy Sinatra,70,4396
1967,The Young Rascals,54,3851
1967,The Beatles,53,3761
1967,Sonny,52,3076
1967,Marvin Gaye,49,3157
1967,The Monkees,48,4008
1967,Tommy James And The Shondells,48,3238
1967,The Buckinghams,46,3099
1967,The Association,46,2981
1967,The Hollies,44,2656
1967,Wilson Pickett,42,2200
1967,Petula Clark,41,2843
1967,The Supremes,40,2730
1967,Stevie Wonder,40,2399
1967,Four Tops,38,2590
1967,Neil Diamond,38,2572
1967,Herman's Hermits,38,2338
1967,James Brown,38,2006
1967,The Famous Flames,38,2006
1967,Cannonball Adderley,38,1941
1967,The Turtles,37,2787
1967,Aretha Franklin,37,2457
1967,Bobby Darin,36,1948
1967,Sam The Sham and the Pharaohs,36,1452
1967,Peaches & Herb,35,2118
1967,The 5th Dimension,35,2060
1967,The Temptations,34,2545
1967,The Lovin' Spoonful,34,2003
1967,Joe Tex,34,1606
1967,Dusty Springfield,34,1347
1967,Paul Revere & The Raiders,33,2432
1967,The Mamas & The Papas,33,2234
1967,Bee Gees,33,2192
1967,The Tremeloes,33,2102
1967,Brenton Wood,33,1845
1967,Frankie Laine,33,1232
1967,Gary Lewis And The Playboys,31,1624
1967,The Doors,30,2199
1967,Smokey Robinson,30,1989
1967,Sandy Posey,29,1715
1967,Buffalo Springfield,29,1597
1967,Jackie Wilson,29,1426
1967,The Techniques,28,1872
1967,The Happenings,27,1845
1967,Donovan,27,1752
1967,Cher,27,1669
1967,The Five Americans,27,1594
1967,Dionne Warwick,27,1556
1967,The Rolling Stones,27,1551
1967,Al Martino,27,1088
1968,James Brown,85,4904
1968,The Famous Flames,65,3676
1968,Glen Campbell,62,3040
1968,The Impressions,62,2707
1968,Dionne Warwick,61,4071
1968,Otis Redding,60,3341
1968,The Beatles,59,4535
1968,Aretha Franklin,54,4016
1968,Marvin Gaye,54,3495
1968,The Union Gap,49,4126
1968,The Temptations,48,3328
1968,Wilson Pickett,47,2401
1968,1910 Fruitgum Co.,44,2709
1968,The Doors,42,2764
1968,Cream,42,2646
1968,The Monkees,41,2577
1968,Tommy James And The Shondells,41,2234
1968,The Marvelettes,38,2200
1968,Jerry Butler,38,2024
1968,Elvis Presley,38,1428
1968,The 5th Dimension,37,2401
1968,Bobby Vee,37,1362
1968,Ohio Express,36,2391
1968,The Cowsills,36,2071
1968,Archie Bell,35,2379
1968,Smokey Robinson,35,2348
1968,Herb Alpert,35,1993
1968,Hugo Montenegro,35,1971
1968,Clarence Carter,35,1788
1968,The Dells,34,2007
1968,The Mamas & The Papas,34,1345
1968,Ray Charles,34,816
1968,The Delfonics,33,1781
1968,Roger Miller,32,1794
1968,The Rascals,31,2560
1968,The Box Tops,31,2086
1968,Gladys Knight And The Pips,30,2181
1968,The Intruders,30,1791
1968,Paul Mauriat,30,1769
1968,The Association,30,1597
1968,Our Gang,30,1558
1968,Spanky,30,1558
1968,Eric Burdon,30,1518
1968,Donovan,28,1893
1968,Tommy Boyce,28,1711
1968,Neil Diamond,28,963
1968,Diana Ross,27,1987
1968,Joe Simon,27,1166
1968,The Jordanaires,27,916
1968,Steppenwolf,26,2119
1969,Creedence Clearwater Revival,85,5695
1969,James Brown,78,4288
1969,Glen Campbell,61,3558
1969,Tommy James And The Shondells,57,4211
1969,Elvis Presley,56,4021
1969,The Beatles,53,3915
1969,The Temptations,50,3744
1969,Sly & The Family Stone,49,3273
1969,The Guess Who,47,3074
1969,Jerry Butler,46,2947
1969,The Dells,43,2219
1969,The Box Tops,40,1971
1969,Three Dog Night,39,3098
1969,The 5th Dimension,38,3173
1969,Diana Ross,38,2631
1969,Dionne Warwick,37,2242
1969,The Isley Brothers,37,2010
1969,Neil Diamond,36,2544
1969,Johnny Cash,36,1946
1969,Johnnie Taylor,36,1921
1969,The Archies,34,2324
1969,Smokey Robinson,34,2087
1969,The Grass Roots,34,2087
1969,Jackie DeShannon,34,2066
1969,Bill Deal,34,1441
1969,The Doors,33,1802
1969,Steppenwolf,32,1820
1969,1910 Fruitgum Co.,32,1768
1969,Clarence Carter,32,1523
1969,Paul Revere & The Raiders,31,1871
1969,Tommy Roe,30,2057
1969,Aretha Franklin,30,1423
1969,Little Anthony And The Imperials,30,1403
1969,Oliver,29,2212
1969,The Impressions,29,1386
1969,The Meters,29,1181
1969,Classics IV,28,2070
1969,Bobby Bland,28,1734
1969,Dusty Springfield,28,1524
1969,Marvin Gaye,27,1814
1969,Jr. Walker,27,1579
1969,Joe Simon,27,1103
1969,Bobby Goldsboro,27,882
1969,The Ronettes,26,1682
1969,Gladys Knight And The Pips,26,1650
1969,Donovan,26,1629
1969,Bob Dylan,26,1281
1969,Stevie Wonder,25,1904
1969,Kenny Rogers,25,1476
1969,Bee Gees,25,1440
1970,Neil Diamond,76,4588
1970,The Temptations,73,5133
1970,James Brown,65,3986
1970,Elvis Presley,60,3822
1970,The Beatles,56,3304
1970,The Guess Who,51,3898
1970,The 5th Dimension,47,2610
1970,Three Dog Night,45,3393
1970,Crosby,44,2830
1970,Bobby Sherman,43,3185
1970,Mark Lindsay,42,2310
1970,B.J. Thomas,40,2881
1970,Sly & The Family Stone,40,2475
1970,Chairman Of The Board,40,2290
1970,The Impressions,40,2119
1970,Creedence Clearwater Revival,39,3341
1970,Jackson 5,38,3455
1970,Simon & Garfunkel,38,3092
1970,Kenny Rogers,37,2355
1970,Aretha Franklin,36,2381
1970,Stevie Wonder,35,2611
1970,The Supremes,35,2537
1970,Chicago,34,2570
1970,Wilson Pickett,34,1722
1970,Carpenters,33,2799
1970,Charles Wright,32,2041
1970,The Watts 103rd Street Rhythm Band,32,2041
1970,Marvin Gaye,31,1975
1970,The Delfonics,31,1630
1970,Brook Benton,31,1555
1970,The Poppy Family,30,1876
1970,Tyrone Davis,30,1616
1970,The Flaming Ember,30,1398
1970,Jerry Butler,29,1234
1970,Bread,28,2105
1970,Tommy Roe,28,1420
1970,Gene Chandler,28,1353
1970,Steppenwolf,28,1171
1970,CROW,28,1151
1970,Joe Simon,28,668
1970,Ray Stevens,27,1611
1970,B.B. King,27,1379
1970,The Grass Roots,27,1176
1970,The Gentrys,27,937
1970,Johnny Rivers,26,1591
1970,Clarence Carter,26,810
1970,The Dixie Cups,25,1496
1970,Joe South,25,1364
1970,Dionne Warwick,25,1030
1970,Dawn,24,1702
1971,James Brown,58,3265
1971,Marvin Gaye,51,3760
1971,The Supremes,44,2495
1971,Elvis Presley,44,2144
1971,Helen Reddy,43,2027
1971,James Taylor,42,2735
1971,Stephen Stills,42,2465
1971,The Partridge Family Starring Shirley Jones,41,3269
1971,Dawn,39,2627
1971,The Temptations,39,2556
1971,Cat Stevens,38,2477
1971,The Osmonds,37,2920
1971,The Guess Who,37,1932
1971,Chicago,36,2474
1971,The Honey Cone,34,2529
1971,The Chi-lites,34,1762
1971,Jackson 5,33,2511
1971,Jerry Reed,33,2317
1971,B.J. Thomas,33,1804
1971,Creedence Clearwater Revival,32,2471
1971,Bee Gees,32,2460
1971,Wilson Pickett,31,1820
1971,John Denver,31,1798
1971,The Stylistics,31,1346
1971,Three Dog Night,30,2462
1971,Carpenters,30,2396
1971,Van Morrison,30,1733
1971,Aretha Franklin,29,1878
1971,Bread,29,1838
1971,Freda Payne,29,1605
1971,Bobby Sherman,29,1563
1971,Barbra Streisand,29,1486
1971,The Grass Roots,28,1886
1971,Neil Diamond,28,1762
1971,The Doors,28,1731
1971,Carole King,27,2186
1971,The 5th Dimension,27,1845
1971,Perry Como,27,1462
1971,Four Tops,27,1322
1971,Santana,26,1987
1971,Rare Earth,26,1791
1971,Tommy James,26,1437
1971,Ray Price,26,1292
1971,The Free Movement,26,1190
1971,The Fuzz,26,1121
1971,George Harrison,25,1999
1971,The Rolling Stones,25,1709
1971,Lynn Anderson,25,1447
1971,Lobo,25,1445
1971,Hamilton,25,1429
1972,Al Green,54,4345
1972,The Stylistics,53,3505
1972,Neil Diamond,52,3329
1972,Bread,44,3283
1972,Elton John,44,2925
1972,James Brown,43,2329
1972,Three Dog Night,42,3223
1972,The 5th Dimension,41,2708
1972,Joe Simon,40,2243
1972,Billy Preston,40,1904
1972,Carpenters,39,2606
1972,Gallery,39,2234
1972,The Chi-lites,38,2283
1972,Alice Cooper,38,2093
1972,Beverly Bremers,38,1779
1972,The Supremes,38,1705
1972,Roberta Flack,36,2654
1972,Bill Withers,35,2462
1972,Nilsson,35,2149
1972,The Osmonds,34,2480
1972,Michael Jackson,32,2386
1972,Melanie,32,1894
1972,The Isley Brothers,32,1516
1972,Paul Simon,31,2007
1972,Donna Fargo,30,1898
1972,Wayne Newton,30,1784
1972,The O'Jays,30,1679
1972,Clima,30,1652
1972,Detroit Emeralds,30,1507
1972,Joe Tex,29,2017
1972,Rick Nelson,29,1973
1972,Neil Young,29,1881
1972,War,29,1459
1972,Grand Funk Railroad,29,1363
1972,Gilbert O'Sullivan,28,2258
1972,Don McLean,28,2186
1972,The Moody Blues,28,1912
1972,B.B. King,28,700
1972,Jackson 5,27,1914
1972,Sonny,27,1792
1972,Donny Osmond,26,1908
1972,Elvis Presley,26,1601
1972,Sammy Davis,26,1527
1972,The Undisputed Truth,26,1347
1972,The Dramatics,26,1276
1972,Dr. Hook,26,1185
1972,The Medicine Show,26,1185
1972,America,25,2036
1972,The Staple Singers,25,1893
1972,Jim Croce,25,1758
1973,Gladys Knight And The Pips,73,4799
1973,Jim Croce,53,3675
1973,Elton John,50,4080
1973,Stevie Wonder,48,3813
1973,Kris Kristofferson,47,2358
1973,Diana Ross,46,3107
1973,War,45,3279
1973,B.W. Stevenson,45,2697
1973,The Spinners,42,2676
1973,Lobo,42,2424
1973,Four Tops,41,2711
1973,Bette Midler,40,2571
1973,Dawn,39,2999
1973,Al Green,39,2528
1973,Barry White,39,2484
1973,Edgar Winter Group,38,2397
1973,Marvin Gaye,37,2938
1973,Billy Preston,37,2690
1973,The Chi-lites,36,1611
1973,Paul Simon,35,2592
1973,The Temptations,35,1993
1973,Neil Diamond,35,1484
1973,James Brown,35,1251
1973,Charlie Rich,33,2171
1973,Bloodstone,33,1878
1973,Tanya Tucker,33,1621
1973,Steely Dan,33,1516
1973,Dobie Gray,32,1754
1973,The Doobie Brothers,31,2062
1973,Seals & Crofts,31,2046
1973,Albert Hammond,31,1028
1973,Chicago,30,2269
1973,Nat King Cole,30,2055
1973,Donny Osmond,30,1867
1973,Bobby Goldsboro,30,1612
1973,Elvis Presley,30,1567
1973,The Sweet,30,1562
1973,John Denver,30,1363
1973,Bobby Womack,29,1462
1973,Alice Cooper,29,1415
1973,Carpenters,28,2211
1973,Wings,28,2204
1973,The O'Jays,28,1725
1973,Sylvia,28,1528
1973,Johnnie Taylor,27,1864
1973,Eddie Kendricks,27,1698
1973,Vicki Lawrence,27,1542
1973,Johnny Nash,27,1276
1973,The Stylistics,26,1750
1973,Helen Reddy,26,1707
1974,Gladys Knight And The Pips,72,4282
1974,Charlie Rich,63,3701
1974,Elton John,59,4406
1974,The Stylistics,55,3190
1974,John Denver,53,3654
1974,Bachman-Turner Overdrive,51,3216
1974,James Brown,51,2381
1974,Stevie Wonder,50,3587
1974,Jim Croce,48,2616
1974,Paul McCartney,47,3511
1974,Wings,47,3511
1974,Olivia Newton-John,47,3316
1974,Jim Stafford,46,3231
1974,Mac Davis,46,2696
1974,Three Dog Night,46,2596
1974,Kool & The Gang,45,2934
1974,Diana Ross,44,2292
1974,Jackson 5,41,2550
1974,The Guess Who,41,2187
1974,Eddie Kendricks,40,2270
1974,Helen Reddy,38,2653
1974,Barry White,36,2510
1974,Cher,36,2078
1974,Blue Magic,36,1892
1974,The O'Jays,33,2154
1974,The Isley Brothers,33,944
1974,Gordon Lightfoot,32,2080
1974,Al Green,32,2013
1974,Billy Preston,32,1892
1974,The Temptations,32,1493
1974,Chicago,31,2203
1974,Paul Anka,31,1766
1974,Joe Cocker,31,1609
1974,The Hues Corporation,30,1819
1974,Paper Lace,29,1479
1974,The Staple Singers,29,1306
1974,The Spinners,28,1572
1974,Lamont Dozier,28,1566
1974,"Earth, Wind & Fire",28,1216
1974,Bobby Bland,28,992
1974,Andy Kim,27,1757
1974,William DeVaughn,27,1435
1974,Sami Jo,27,1091
1974,The Righteous Brothers,26,1664
1974,Bo Donaldson,26,1567
1974,The Heywoods,26,1567
1974,Brownsville Station,26,1494
1974,Harry Chapin,26,1420
1974,Marvin Gaye,26,1076
1974,The Doobie Brothers,26,938
1975,"Earth, Wind & Fire",55,3399
1975,Eagles,47,3657
1975,Barry Manilow,47,3396
1975,America,47,3152
1975,Olivia Newton-John,46,3258
1975,Paul Anka,43,3012
1975,Neil Sedaka,43,2955
1975,Frankie Valli,42,2924
1975,Gladys Knight And The Pips,42,2423
1975,Freddy Fender,40,2830
1975,Odia Coates,39,2545
1975,Wings,38,2562
1975,Helen Reddy,38,2224
1975,B.T. Express,37,2118
1975,Jerry Lee Lewis,36,1601
1975,War,35,2450
1975,The Doobie Brothers,35,2350
1975,David Bowie,35,2087
1975,Elton John,34,2693
1975,Tony Orlando,34,2480
1975,Hot Chocolate,34,1901
1975,The Temptations,34,1801
1975,The Spinners,33,1874
1975,Harold Melvin,33,1648
1975,The Blue Notes,33,1648
1975,Michael Murphey,32,2006
1975,Tavares,32,1757
1975,Kool & The Gang,32,1063
1975,Bee Gees,31,2286
1975,Glen Campbell,31,2269
1975,Al Green,31,1762
1975,The Isley Brothers,30,1926
1975,Eddie Kendricks,30,1433
1975,Chicago,29,1761
1975,Melissa Manchester,29,1752
1975,Bachman-Turner Overdrive,29,1632
1975,Smokey Robinson,29,1365
1975,The Pointer Sisters,29,1167
1975,The Drifters,28,2026
1975,Barry Mann,28,1800
1975,Phoebe Snow,28,1756
1975,AWB,28,1656
1975,The 4 Seasons,28,1558
1975,The Sunshine Band,27,1911
1975,John Denver,27,1733
1975,B.J. Thomas,27,1578
1975,Jessi Colter,27,1541
1975,Electric Light Orchestra,27,1437
1975,Johnny Wakelin,27,977
1975,Alice Cooper,26,1416
1976,Hall & Oates,57,3586
1976,Bee Gees,53,3922
1976,Gary Wright,52,3354
1976,Chicago,51,3627
1976,Peter Frampton,49,3328
1976,The 4 Seasons,49,2540
1976,Barry Manilow,48,3004
1976,"Earth, Wind & Fire",45,2771
1976,Aerosmith,45,2601
1976,The Beach Boys,45,2561
1976,Queen,44,2978
1976,ABBA,43,2481
1976,Nat King Cole,42,2047
1976,Elton John,41,2846
1976,Electric Light Orchestra,41,2589
1976,Ohio Players,41,2425
1976,KISS,39,2423
1976,Heart,38,1966
1976,Commodores,37,2543
1976,England Dan,36,2549
1976,Steve Miller,36,2382
1976,KC,36,2272
1976,The Sunshine Band,36,2272
1976,Wings,35,2700
1976,The Miracles,34,2678
1976,The Manhattans,34,2031
1976,The Sylvers,33,2223
1976,Henry Gross,33,1855
1976,Eric Carmen,32,2283
1976,Silver Convention,32,2022
1976,The Brothers Johnson,32,1967
1976,Seals & Crofts,32,1789
1976,The Salsoul Orchestra,32,1499
1976,Starbuck,31,1809
1976,Rhythm Heritage,30,1988
1976,America,30,1731
1976,Bay City Rollers,30,1687
1976,Tavares,30,1618
1976,The O'Jays,29,1693
1976,Andrea True Connection,29,1668
1976,Rufus,29,1664
1976,Dr. Hook,29,1617
1976,Carpenters,29,1605
1976,John Denver,29,1584
1976,Walter Murphy,28,2069
1976,The Spinners,28,1762
1976,Diana Ross,27,1715
1976,Firefall,27,1656
1976,Hamilton,27,948
1976,Captain,26,1921
1977,Eagles,69,5276
1977,Leo Sayer,59,3859
1977,Stevie Wonder,58,3554
1977,KC,56,3647
1977,The Sunshine Band,56,3647
1977,Bee Gees,55,3441
1977,Shaun Cassidy,54,3423
1977,Rose Royce,51,2691
1977,KISS,48,2761
1977,Foreigner,47,3034
1977,Fleetwood Mac,45,3230
1977,Hall & Oates,45,2338
1977,The Steve Miller Band,44,2764
1977,ABBA,43,2720
1977,Peter Frampton,43,2590
1977,Rod Stewart,42,2662
1977,Andy Gibb,40,2800
1977,Kenny Nolan,40,2591
1977,Bay City Rollers,40,2172
1977,Barbra Streisand,39,3033
1977,Gladys Knight And The Pips,39,1934
1977,David Soul,38,2006
1977,Atlanta Rhythm Section,37,1930
1977,Heart,37,1887
1977,Electric Light Orchestra,36,2358
1977,Bob Seger,36,2066
1977,The Sylvers,35,2150
1977,Donna Summer,34,1999
1977,England Dan,34,1881
1977,10cc,34,1794
1977,Barry Manilow,33,2370
1977,Thelma Houston,33,2155
1977,Elvis Presley,33,1920
1977,Hot,32,1969
1977,Jimmy Buffett,32,1965
1977,Glen Campbell,32,1832
1977,Paul Anka,32,1631
1977,The Jacksons,31,1773
1977,Alan O'Day,31,1770
1977,Boz Scaggs,31,1668
1977,Crosby,30,1699
1977,Johnny Rivers,30,1606
1977,Brick,29,1894
1977,Jennifer Warnes,29,1663
1977,Commodores,29,1622
1977,Roy Orbison,29,1490
1977,C.J.,29,1105
1977,Alice Cooper,28,1824
1977,Mary Macgregor,28,1719
1977,Little River Band,28,1345
1978,Andy Gibb,73,5663
1978,Bee Gees,68,5557
1978,Barry Manilow,64,4219
1978,Billy Joel,61,3718
1978,Eric Clapton,52,3239
1978,The Drifters,50,2627
1978,Player,49,2697
1978,Roberta Flack,45,2542
1978,Foreigner,44,3272
1978,Bob Seger,41,2637
1978,Wings,41,2399
1978,Meat Loaf,41,2135
1978,Paul Davis,40,2589
1978,Heatwave,40,2353
1978,Commodores,39,2602
1978,Gerry Rafferty,39,2576
1978,Atlanta Rhythm Section,39,2331
1978,Chic,38,2436
1978,Steely Dan,38,2379
1978,Rod Stewart,37,2206
1978,Heart,36,1898
1978,Linda Ronstadt,35,2074
1978,The Stylistics,35,1969
1978,David Gates,35,1913
1978,ABBA,32,2285
1978,Barbra Streisand,32,2102
1978,John Travolta,32,1986
1978,Jackson Browne,32,1910
1978,Kansas,32,1887
1978,Donna Summer,31,1705
1978,Nick Gilder,30,1964
1978,"Earth, Wind & Fire",30,1680
1978,Gordon Lightfoot,30,1571
1978,Walter Egan,29,1538
1978,Chicago,29,1310
1978,Helen Reddy,28,1776
1978,Dan Hill,28,1629
1978,Michael Johnson,28,1590
1978,Electric Light Orchestra,28,1504
1978,The Cars,28,1353
1978,Alicia Bridges,26,1794
1978,Frankie Valli,26,1732
1978,Captain,26,1521
1978,Roy Orbison,26,1470
1978,The Everly Brothers,26,1398
1978,Kenny Rogers,26,1137
1978,Olivia Newton-John,25,1804
1978,Anne Murray,25,1721
1978,Chuck Mangione,25,1625
1978,Sweet,25,1585
1979,Donna Summer,71,5692
1979,Peaches & Herb,54,3259
1979,Kenny Rogers,53,3767
1979,Village People,51,3035
1979,"Earth, Wind & Fire",50,3480
1979,Dr. Hook,50,3046
1979,Blondie,49,2963
1979,Supertramp,47,3165
1979,The Doobie Brothers,46,3003
1979,Anne Murray,44,2823
1979,Suzi Quatro,44,2328
1979,Chic,43,2681
1979,Cheap Trick,43,2476
1979,Foreigner,39,2282
1979,The Knack,38,2734
1979,Sister Sledge,38,2466
1979,Gloria Gaynor,37,2181
1979,Wings,36,2270
1979,Dionne Warwick,36,2191
1979,Barbra Streisand,35,2803
1979,Olivia Newton-John,35,2293
1979,Helen Reddy,35,2154
1979,Rod Stewart,33,2254
1979,Bee Gees,33,2161
1979,Michael Jackson,33,1958
1979,Brooklyn Dreams,31,1986
1979,Gerry Rafferty,31,1903
1979,Nigel Olsson,31,1644
1979,Cher,31,1573
1979,Herb Alpert,30,1922
1979,Elton John,30,1816
1979,Melissa Manchester,30,1657
1979,ABBA,30,1497
1979,Little River Band,29,2092
1979,Bad Company,29,1596
1979,Frank Mills,29,1544
1979,Toto,29,1270
1979,Journey,28,1458
1979,Electric Light Orchestra,27,1603
1979,KISS,27,1465
1979,Anita Ward,26,1534
1979,Radiants,26,1232
1979,Eddie Money,26,1210
1979,Blackfoot,25,1165
1979,Maureen McGovern,25,1135
1979,Kansas,25,1125
1979,David Naughton,24,1608
1979,England Dan,24,1380
1979,Diana Ross,24,1126
1979,The Cars,24,964
1980,Dionne Warwick,58,2965
1980,Bob Seger,57,3565
1980,Queen,54,4038
1980,Boz Scaggs,53,3126
1980,Diana Ross,52,3803
1980,Michael Jackson,48,3350
1980,Billy Joel,45,3158
1980,Smokey Robinson,45,2896
1980,Rupert Holmes,45,2607
1980,Kenny Rogers,44,3159
1980,The Spinners,41,3005
1980,Air Supply,37,2566
1980,Ambrosia,37,2495
1980,Dr. Hook,37,2476
1980,Nat King Cole,37,2023
1980,Commodores,37,1841
1980,Rod Stewart,36,2078
1980,Jermaine Jackson,36,1991
1980,Dan Fogelberg,35,2130
1980,Blondie,35,2105
1980,Kenny Loggins,35,1881
1980,Billy Preston,35,1836
1980,"Earth, Wind & Fire",34,1915
1980,Pure Prairie League,34,1779
1980,Christopher Cross,33,2471
1980,Elton John,33,2116
1980,Eddie Rabbitt,33,1999
1980,Roberta Flack,33,1591
1980,Barbra Streisand,32,2202
1980,The Rolling Stones,32,2054
1980,The Heartbreakers,32,1898
1980,Tom Petty,32,1898
1980,Pink Floyd,31,2043
1980,Eagles,31,2040
1980,The Pointer Sisters,31,1924
1980,Bette Midler,31,1921
1980,The Dirt Band,31,1877
1980,Frank Sinatra,31,1860
1980,Lipps,30,1668
1980,David Bowie,30,1573
1980,Kool & The Gang,29,1934
1980,Neil Diamond,29,1830
1980,Captain,29,1750
1980,George Benson,29,1669
1980,Jackson Browne,29,1586
1980,Fleetwood Mac,29,1575
1980,The Charlie Daniels Band,29,1546
1980,Donna Summer,28,1616
1980,Ali Thomson,28,1340
1980,Stevie Wonder,27,1904
1981,REO Speedwagon,70,4610
1981,Hall & Oates,69,5070
1981,Sheena Easton,67,4226
1981,Rick Springfield,55,3781
1981,Pat Benatar,55,3083
1981,John Denver,47,1588
1981,Diana Ross,46,3078
1981,The Stylistics,46,2920
1981,Ronnie Milsap,46,2909
1981,Air Supply,45,3505
1981,Blondie,45,2811
1981,Kim Carnes,44,2814
1981,The Police,43,2976
1981,Ray Parker Jr.,42,2459
1981,Christopher Cross,41,2683
1981,Elvis Presley,41,1921
1981,The Heartbreakers,40,2357
1981,Tom Petty,40,2357
1981,The Moody Blues,39,2056
1981,Juice Newton,38,2621
1981,Dan Fogelberg,38,2348
1981,ABBA,37,1843
1981,Billy Squier,37,1789
1981,Commodores,36,2561
1981,Foreigner,35,2716
1981,Neil Diamond,35,2628
1981,Joey Scarbury,35,2159
1981,Rick James,35,1710
1981,Queen,35,1473
1981,Journey,34,2117
1981,Barry Manilow,34,2004
1981,Quincy Jones,34,1843
1981,Cliff Richard,34,1694
1981,Phil Collins,33,1773
1981,Smokey Robinson,32,1964
1981,Stevie Nicks,31,2300
1981,Stevie Wonder,31,1710
1981,John Lennon,30,2063
1981,Rod Stewart,30,2057
1981,Barbra Streisand,30,1891
1981,The Pointer Sisters,30,1873
1981,Gino Vannelli,30,1830
1981,Dion,29,1666
1981,Electric Light Orchestra,29,1650
1981,Alabama,29,1361
1981,The Rolling Stones,28,1949
1981,Eddie Rabbitt,27,1947
1981,Tommy James,27,1731
1981,The Volumes,27,1642
1981,Stars On 45,27,1616
1982,Olivia Newton-John,59,4042
1982,Stevie Wonder,58,3927
1982,Hall & Oates,57,3898
1982,Paul McCartney,51,3486
1982,The J. Geils Band,51,3237
1982,The Pointer Sisters,45,2512
1982,Neil Diamond,44,2684
1982,Kenny Rogers,44,2320
1982,Sheena Easton,44,1975
1982,Kool & The Gang,43,2479
1982,Foreigner,43,2229
1982,Soft Cell,43,1873
1982,Quarterflash,42,2302
1982,Genesis,42,1877
1982,Go-Go's,40,2268
1982,Survivor,39,2733
1982,Little River Band,39,2518
1982,Alabama,39,1956
1982,Chicago,38,2627
1982,Barry Manilow,38,1777
1982,Huey Lewis,37,2051
1982,Diana Ross,36,2259
1982,Elton John,35,2114
1982,Joan Jett,34,2328
1982,Stevie Nicks,34,2146
1982,"Earth, Wind & Fire",34,1673
1982,Men At Work,33,2292
1982,Glenn Frey,33,1681
1982,Asia,32,2087
1982,Bertie Higgins,32,1949
1982,Paul Davis,31,2041
1982,Air Supply,31,1912
1982,Juice Newton,30,2199
1982,John Cougar,30,2187
1982,Crosby,30,2069
1982,Dan Fogelberg,30,1972
1982,REO Speedwagon,30,1896
1982,The Alan Parsons Project,30,1886
1982,Don Henley,29,1797
1982,Charlene,29,1716
1982,A Flock Of Seagulls,29,1508
1982,Jeffrey Osborne,29,1277
1982,Millie Jackson,28,2165
1982,The Human League,28,2030
1982,38 Special,28,1602
1982,Donna Summer,28,1501
1982,Loverboy,28,1371
1982,Tommy Tutone,27,1700
1982,The Rolling Stones,27,1572
1982,Queen,27,1389
1983,Michael Jackson,120,8646
1983,Culture Club,71,5417
1983,Duran Duran,61,4395
1983,Men At Work,61,4282
1983,Prince,61,3685
1983,Billy Joel,60,4191
1983,Journey,60,3925
1983,Bob Seger,58,3865
1983,Hall & Oates,56,4284
1983,Stray Cats,49,3318
1983,The Police,47,3724
1983,Lionel Richie,46,3623
1983,Dionne Warwick,46,2330
1983,Rick Springfield,45,2876
1983,Pat Benatar,44,2611
1983,The Stylistics,41,2899
1983,The Fireballs,41,2560
1983,Eurythmics,39,2512
1983,Elton John,38,2509
1983,James Ingram,38,2150
1983,Stevie Nicks,36,2387
1983,Crosby,36,1796
1983,Toto,35,2199
1983,Barry Manilow,35,2155
1983,Little River Band,35,2029
1983,Jeffrey Osborne,35,1564
1983,Michael Sembello,32,2108
1983,Kenny Rogers,32,2104
1983,The Human League,32,1968
1983,David Bowie,31,2001
1983,Sergio Mendes,31,1889
1983,Debarge,31,1762
1983,Air Supply,30,2001
1983,Jackson Browne,30,1825
1983,Christopher Cross,30,1811
1983,Jefferson Starship,30,1126
1983,Irene Cara,29,2164
1983,Donna Summer,29,1952
1983,Eddy Grant,29,1795
1983,Def Leppard,29,1593
1983,Greg Kihn Band,28,1755
1983,Loverboy,28,1660
1983,Peabo Bryson,28,1651
1983,The Kinks,27,1674
1983,Men Without Hats,27,1644
1983,Thomas Dolby,27,1643
1983,The Tubes,27,1431
1983,Bee Gees,27,1367
1983,Roberta Flack,26,1597
1983,Rod Stewart,26,1482
1984,The Pointer Sisters,72,4520
1984,Huey Lewis,67,4701
1984,Prince,63,4598
1984,Billy Idol,57,2842
1984,Cyndi Lauper,55,4054
1984,Culture Club,55,3486
1984,Billy Joel,55,3199
1984,Duran Duran,54,3852
1984,Madonna,53,3359
1984,Thompson Twins,52,3034
1984,Elton John,51,3257
1984,Eurythmics,49,2799
1984,Laura Branigan,49,2768
1984,Night Ranger,48,2743
1984,Tina Turner,44,3164
1984,Rick Springfield,44,2137
1984,Hall & Oates,42,3080
1984,Sheena Easton,42,2380
1984,Kenny Rogers,42,2028
1984,Peabo Bryson,41,1741
1984,Michael Jackson,39,2249
1984,Steve Perry,39,2198
1984,Dan Hartman,38,2384
1984,Kenny Loggins,37,2490
1984,Corey Hart,37,2451
1984,Sheila E.,36,2114
1984,Van Halen,36,2072
1984,Yes,36,2029
1984,The Revolution,35,2701
1984,Matthew Wilder,35,1756
1984,Lionel Richie,34,2437
1984,Paul McCartney,34,2372
1984,Rockwell,33,2020
1984,Go-Go's,33,1759
1984,Slade,33,1666
1984,Kim Carnes,33,1420
1984,Ray Parker Jr.,32,2243
1984,Scandal,32,1862
1984,Bruce Springsteen,29,2165
1984,Chicago,29,2072
1984,Ray Peterson,29,1837
1984,Irene Cara,29,1663
1984,The Alan Parsons Project,29,1464
1984,The Steve Miller Band,29,1450
1984,Howard Jones,28,1330
1984,Jermaine Jackson,27,1694
1984,The Fireballs,27,1329
1984,Billy Ocean,26,1838
1984,Christine McVie,26,1603
1984,Peter Wolf,26,1491
1985,Madonna,66,4663
1985,Tina Turner,64,3893
1985,Don Henley,64,3618
1985,Hall & Oates,61,3428
1985,Prince,58,3832
1985,The Revolution,58,3832
1985,Glenn Frey,55,3835
1985,Survivor,54,3068
1985,Wham!,51,3456
1985,Phil Collins,48,3714
1985,REO Speedwagon,48,2896
1985,The Pointer Sisters,48,2787
1985,Foreigner,48,2771
1985,Howard Jones,48,2643
1985,Kool & The Gang,47,2953
1985,John Parr,46,2425
1985,Whitney Houston,45,3029
1985,Sting,45,3015
1985,Bruce Springsteen,44,2962
1985,Rod Wave,44,1424
1985,Paul Young,43,2677
1985,Bryan Adams,42,2804
1985,Billy Joel,42,2475
1985,Pat Benatar,42,2401
1985,Corey Hart,42,2377
1985,Debarge,41,2659
1985,Eurythmics,41,2649
1985,Billy Ocean,41,2321
1985,John Fogerty,41,2137
1985,Duran Duran,40,2656
1985,Stevie Wonder,40,2500
1985,Freddie Jackson,39,2150
1985,Chaka Khan,39,1117
1985,Aretha Franklin,38,2514
1985,John Cafferty,38,1922
1985,Heart,37,2496
1985,Julian Lennon,37,2307
1985,Animotion,37,1975
1985,Katrina And The Waves,37,1928
1985,Sheena Easton,37,1838
1985,Kim Carnes,36,1371
1985,Commodores,35,1800
1985,Rick Springfield,35,1727
1985,Chicago,34,1948
1985,Tears For Fears,34,1888
1985,Simple Minds,33,2356
1985,The Power Station,33,2205
1985,The Beach Boys,33,1807
1985,Cyndi Lauper,32,1722
1985,Mary Jane Girls,32,1709
1986,Mike & The Mechanics,104,6268
1986,Billy Ocean,65,4333
1986,Bob Seger,54,2819
1986,Madonna,53,3965
1986,John Mellencamp,52,3097
1986,Miami Sound Machine,49,2892
1986,The Bangles,48,3017
1986,Pet Shop Boys,48,2681
1986,Lionel Richie,46,3372
1986,Heart,44,2715
1986,Orchestral Manoeuvres In The Dark,44,2406
1986,Loverboy,44,2314
1986,Huey Lewis,43,2644
1986,ZZ Top,43,2364
1986,Genesis,42,2982
1986,Mr. Mister,42,2891
1986,Stevie Nicks,42,2518
1986,New Edition,40,1635
1986,Whitney Houston,39,2802
1986,Prince,39,2256
1986,The Revolution,39,2256
1986,Wham!,39,2154
1986,Simply Red,38,2211
1986,Peter Cetera,36,2598
1986,Steve Winwood,36,2210
1986,Simple Minds,36,2169
1986,Peter Gabriel,35,2119
1986,Patti LaBelle,35,2098
1986,Howard Jones,34,2142
1986,Atlantic Starr,34,1843
1986,El DeBarge,34,1746
1986,Billy Joel,33,2003
1986,Journey,33,1925
1986,Kenny Loggins,33,1656
1986,Eurythmics,33,1325
1986,Honeymoon Suite,32,1114
1986,Van Halen,31,2075
1986,Falco,31,2066
1986,Jermaine Stewart,31,1705
1986,Stevie Wonder,31,1580
1986,Thompson Twins,31,1572
1986,Janet Jackson,30,1993
1986,Elton John,30,1630
1986,The Moody Blues,30,1451
1986,Commodores,29,1427
1986,Sade,28,1846
1986,Paul McCartney,28,1527
1986,Thirty Eight Special,28,1353
1986,The Dream Academy,27,1603
1986,The Jets,27,1591
1987,Smokey Robinson,73,4126
1987,U2,53,3619
1987,Aretha Franklin,53,3184
1987,Crowded House,53,3039
1987,Madonna,50,3428
1987,Huey Lewis,50,3396
1987,Prince,49,3046
1987,Starship,48,2911
1987,Cutting Crew,47,2979
1987,Cult Jam,47,2794
1987,Lisa Lisa,47,2794
1987,The Jets,46,3095
1987,Janet Jackson,46,3081
1987,Steve Winwood,45,2435
1987,Whitney Houston,44,3394
1987,Genesis,44,3071
1987,Anita Baker,44,1604
1987,Bon Jovi,42,2813
1987,Debbie Gibson,41,2687
1987,Sammy Hagar,41,1378
1987,Bruce Hornsby,40,2584
1987,Lionel Richie,40,2069
1987,Wang Chung,38,2148
1987,Kool & The Gang,38,1851
1987,Fleetwood Mac,36,2340
1987,Europe,36,1774
1987,Duran Duran,36,1636
1987,Tommy James And The Shondells,35,2682
1987,Richard Marx,35,2432
1987,Ritchie Valens,35,2195
1987,Chicago,35,2191
1987,Glenn Medeiros,35,1566
1987,Michael Jackson,34,2500
1987,Gloria Estefan,34,1869
1987,Elton John,33,1694
1987,The Bangles,32,2086
1987,Rod Wave,32,1997
1987,Robbie Nevil,32,1883
1987,The Cleftones,31,1685
1987,George Michael,30,2267
1987,Carly Simon,30,1059
1987,Journey,29,1312
1987,Heart,28,1648
1987,The Breakfast Club,28,1430
1987,John Mellencamp,26,1685
1987,Chris de Burgh,26,1617
1987,Jody Watley,26,1563
1987,Nat King Cole,26,1418
1987,Beastie Boys,26,1414
1987,Pet Shop Boys,26,1364
1988,Def Leppard,75,4753
1988,Michael Jackson,64,4545
1988,Whitney Houston,61,4038
1988,Rick Astley,59,3988
1988,Gloria Estefan,59,3970
1988,George Michael,57,4128
1988,Terence Trent D'Arby,57,3561
1988,Steve Winwood,51,3179
1988,The Jets,50,2862
1988,Richard Marx,49,3198
1988,Tiffany,47,2851
1988,Breathe,46,3051
1988,D.J. Jazzy Jeff,45,2369
1988,Elton John,44,2831
1988,Belinda Carlisle,44,2688
1988,Van Halen,43,2592
1988,Foreigner,42,2477
1988,Debbie Gibson,41,2585
1988,Bill Black's Combo,41,2563
1988,Eric Carmen,40,2690
1988,Taylor Dayne,40,2572
1988,Prince,40,2119
1988,Hall & Oates,40,2117
1988,Al B. Sure!,40,1815
1988,Billy Ocean,36,2316
1988,Nat King Cole,36,2133
1988,Cheap Trick,36,2093
1988,Joan Jett,36,1924
1988,Keith Sweat,36,1666
1988,Guns N' Roses,35,2439
1988,Neil Diamond,35,2435
1988,Samantha Fox,35,2008
1988,New Kids On The Block,35,1649
1988,Paul Carrack,33,1728
1988,David Guetta,32,1513
1988,Midnight Oil,32,1409
1988,The Cover Girls,32,1122
1988,Bobby Brown,31,2171
1988,Johnny Hates Jazz,31,1987
1988,Will To Power,31,1735
1988,Kool Moe Dee,31,1731
1988,J.J. Fad,31,1141
1988,Pet Shop Boys,30,1911
1988,Brenda Holloway,30,1761
1988,Poison,29,1959
1988,Peter Cetera,29,1487
1988,Henry Lee Summer,29,1188
1988,Depeche Mode,29,810
1988,Johnny Tillotson,28,1640
1988,Bruce Hornsby,28,1628
1989,New Kids On The Block,97,6610
1989,Bobby Brown,90,5857
1989,Milli Vanilli,82,5629
1989,Paula Abdul,81,5833
1989,Mike & The Mechanics,56,3100
1989,Bon Jovi,54,3500
1989,Cher,54,3470
1989,Karyn White,52,3222
1989,Debbie Gibson,52,3132
1989,Stevie B,50,2015
1989,Richard Marx,49,3631
1989,Martika,49,2893
1989,Chicago,46,2076
1989,Prince,45,2741
1989,Justin Bieber,44,2891
1989,Michael Damian,43,2339
1989,Great White,40,2252
1989,The Bangles,39,2438
1989,Thirty Eight Special,39,1785
1989,Rod Stewart,38,2496
1989,Neneh Cherry,38,2427
1989,Tom Petty,38,2223
1989,Cinderella,38,1630
1989,Surface,37,1560
1989,Gloria Estefan,35,2404
1989,Soul II Soul,35,2369
1989,Donny Osmond,34,2179
1989,Living Colour,33,1544
1989,Don Henley,31,1918
1989,Love,31,1496
1989,The Beach Boys,31,1468
1989,Young M.C.,29,1924
1989,Bette Midler,29,1738
1989,Fine Young Cannibals,29,1653
1989,Three Dog Night,29,1535
1989,Seduction,29,1465
1989,Samantha Fox,28,1537
1989,Guns N' Roses,28,1411
1989,White Lion,28,1380
1989,Sheena Easton,27,1681
1989,Animotion,27,1318
1989,Starship,27,1198
1989,Janet Jackson,26,2049
1989,Def Leppard,26,1639
1989,Gerry And The Pacemakers,25,1583
1989,Babyface,25,1492
1989,Lita Ford,25,1445
1989,Ozzy Osbourne,25,1445
1989,Was (Not Was),25,1268
1989,Madonna,24,1736
1990,Janet Jackson,84,5788
1990,Phil Collins,75,4833
1990,Depeche Mode,62,3420
1990,Radiants,50,3515
1990,Johnny Gill,50,3215
1990,Madonna,49,3392
1990,Heart,49,3205
1990,Lisa Stansfield,49,3080
1990,Bad English,49,2460
1990,Don Henley,46,1970
1990,Taylor Dayne,45,3130
1990,Aerosmith,44,2765
1990,Stevie B,44,2617
1990,The Chi-lites,43,2596
1990,Gloria Estefan,42,1982
1990,Babyface,41,2379
1990,Jelly Roll,41,2157
1990,Billy Joel,41,1880
1990,The B-52s,38,2150
1990,Michel'le,38,2143
1990,Jude Cole,38,1879
1990,Michael Bolton,37,2343
1990,Alannah Myles,37,2164
1990,Nelson,35,2158
1990,Technotronic,35,2087
1990,Glenn Medeiros,35,2004
1990,Motley Crue,35,1466
1990,Bell Biv DeVoe,34,2246
1990,Linear,34,1867
1990,Slaughter,34,1657
1990,Seduction,33,2111
1990,Billy Idol,33,1925
1990,Snap!,33,1918
1990,Poison,32,2411
1990,Richard Marx,32,1985
1990,Rod Wave,32,1852
1990,Chicago,32,1690
1990,Jon Bon Jovi,31,2241
1990,Bruce Hornsby,31,1173
1990,Sinead O'Connor,30,1789
1990,Jane Child,30,1758
1990,The U-Krew,30,1191
1990,George LaMond,30,1122
1990,Young M.C.,29,1136
1990,Soul II Soul,29,1043
1990,Cathy Dennis,28,1704
1990,Gracie Abrams,27,1836
1990,Sweet Sensation,27,1638
1990,The Cover Girls,27,1398
1990,Damn Yankees,27,1335
1991,Whitney Houston,64,3936
1991,C Music Factory,62,4273
1991,Cathy Dennis,55,3561
1991,Salt-N-Pepa,52,2785
1991,Color Me Badd,51,3847
1991,Gloria Estefan,51,2778
1991,Hi-Five,50,3105
1991,Paula Abdul,46,3610
1991,Rod Stewart,46,3072
1991,Ratt,44,2833
1991,Jesus Jones,44,2734
1991,Rick Astley,44,2159
1991,Boyz II Men,42,3020
1991,George Michael,42,2504
1991,Asia,41,2510
1991,Bryan Adams,40,3127
1991,Another Bad Creation,40,2572
1991,Tracie Spencer,39,2093
1991,Luther Vandross,38,2511
1991,R.E.M.,36,2453
1991,LL Cool J,36,2165
1991,Marc Cohn,36,1478
1991,Michael Bolton,35,2421
1991,Bobby Darin,35,1907
1991,Steelheart,35,1441
1991,Londonbeat,34,2216
1991,Amy Grant,33,2498
1991,Surface,33,2071
1991,Bad Company,33,1675
1991,Celine Dion,32,1952
1991,Rhythm Syndicate,31,2025
1991,Prince,31,2012
1991,The N.P.G.,31,2012
1991,Nelson,30,1886
1991,Huey Lewis,30,1588
1991,Rod Wave,30,1477
1991,Firehouse,30,1376
1991,Jasmine Guy,30,1130
1991,Gerardo,29,1708
1991,Stevie B,29,1518
1991,The KLF,29,1446
1991,Black Bo,28,1654
1991,Lenny Kravitz,27,1472
1991,Bonnie Raitt,26,1597
1991,Cher,26,1380
1991,M.C. Hammer,26,1210
1991,Warrant,26,1087
1991,PC Quest,26,841
1991,Karyn White,25,1908
1991,Natural Selection,25,1826
1992,Genesis,79,5136
1992,En Vogue,74,5462
1992,Color Me Badd,74,4926
1992,Michael Jackson,71,4693
1992,TLC,69,5285
1992,Celine Dion,68,4111
1992,Richard Marx,61,3761
1992,Bryan Adams,57,3612
1992,Elton John,56,3759
1992,Vanessa Williams,54,3323
1992,Boyz II Men,53,4522
1992,Def Leppard,50,2933
1992,Shanice,47,3133
1992,Amy Grant,46,3186
1992,Ral Donner,46,2400
1992,CeCe Peniston,44,2570
1992,Prince,43,1859
1992,Mr. Big,42,2935
1992,M.C. Hammer,39,2084
1992,Jodeci,38,2473
1992,The Kid LAROI,38,2238
1992,Oingo Boingo,37,2738
1992,P.M. Dawn,37,2704
1992,U2,37,2261
1992,Metallica,37,1234
1992,Paula Abdul,36,2122
1992,Madonna,35,2664
1992,Shabba Ranks,34,1416
1992,Billy Ray Cyrus,33,2146
1992,Firehouse,33,1601
1992,Stacy Earl,33,1527
1992,Kris Kross,33,1508
1992,Ralph Tresvant,32,1944
1992,Mint Condition,32,1744
1992,Keith Sweat,32,1570
1992,Bobby Brown,31,2564
1992,Queen,31,1733
1992,Bonnie Raitt,31,1580
1992,R. Kelly,31,1131
1992,Van Halen,31,1090
1992,House Of Pain,30,2151
1992,Tom Cochrane,30,2003
1992,Eddie Money,29,1340
1992,Marky Mark,29,1230
1992,Sir Mi,28,2370
1992,The Cover Girls,28,1574
1992,Lidell Townsell,28,1260
1992,Naughty By Nature,28,1127
1992,Luther Vandross,27,1731
1992,The N.P.G.,27,1212
1993,SWV,80,6095
1993,Shai,65,4951
1993,Dr. Dre,61,4313
1993,Duran Duran,58,3940
1993,Michael Jackson,57,3479
1993,Sting,56,3040
1993,Naughty By Nature,53,2656
1993,Brian McKnight,50,3567
1993,Toni Bra,50,3391
1993,Rod Stewart,47,3364
1993,Spin Doctors,47,2773
1993,Robin S.,47,2683
1993,Ice Cube,47,2596
1993,Bon Jovi,46,2465
1993,TLC,45,2187
1993,Silk,44,3045
1993,P.M. Dawn,44,3014
1993,Kenny G,44,2244
1993,Whitney Houston,43,3434
1993,Snow,42,2938
1993,Inner Circle,41,2715
1993,Peabo Bryson,41,2665
1993,R.E.M.,41,1946
1993,Duice,40,2581
1993,Prince,38,2245
1993,Stevie Wonder,36,2381
1993,H-Town,36,2225
1993,Jeremy Jordan,36,2032
1993,En Vogue,36,2007
1993,Tony Toni Tone,35,2691
1993,Bryan Adams,35,2104
1993,Mary J. Blige,34,974
1993,Rick Springfield,33,2611
1993,Stereo MC's,33,1539
1993,Taylor Dayne,33,1522
1993,Lords Of The Underground,33,788
1993,Def Leppard,32,1845
1993,Joey Lawrence,32,1539
1993,Tag Team,31,2831
1993,Celine Dion,31,1494
1993,Billy Joel,30,2307
1993,David Crosby,30,1612
1993,Sade,30,929
1993,UB40,29,2346
1993,The New Power Generation,29,1907
1993,R. Kelly,29,1655
1993,Boy Krazy,29,1634
1993,Bell Biv DeVoe,29,1236
1993,Paperboy,28,2168
1993,Vanessa Williams,28,2022
1994,Ace Of Base,104,8444
1994,Melissa Etheridge,66,4036
1994,Salt-N-Pepa,64,4464
1994,Babyface,62,4423
1994,R. Kelly,62,4190
1994,John Michael Montgomery,60,3405
1994,Mariah Carey,52,4102
1994,Zhane,52,2808
1994,Janet Jackson,51,4212
1994,Heavy D,49,2427
1994,Elton John,47,3308
1994,Jon Secada,46,2851
1994,Ice Cube,46,2283
1994,Warren G,45,3370
1994,Aaliyah,42,3332
1994,Prince,40,2852
1994,Tim McGraw,40,2223
1994,Joshua Kadison,39,2170
1994,M.C. Hammer,39,1701
1994,Toni Bra,38,2858
1994,Sammy Turner,37,2690
1994,CeCe Peniston,37,1484
1994,Buddy Miles,36,1896
1994,Keith Sweat,36,1129
1994,Bryan Adams,35,2976
1994,Jodeci,35,2057
1994,Tom Petty,35,1678
1994,Big Mountain,34,2292
1994,Domino,34,2075
1994,Crash Test Dummies,34,1952
1994,Sheryl Crow,33,2175
1994,Boyz II Men,32,2911
1994,Van Morrison,32,2567
1994,Crystal Waters,32,2323
1994,Da Brat,32,2245
1994,Patra,32,977
1994,David Houston,31,2438
1994,Michael Bolton,31,1840
1994,BLACKstreet,31,1477
1994,Toad The Wet Sprocket,31,1345
1994,Lisa Loeb,30,2487
1994,69 Boyz,30,2056
1994,The Heartbreakers,30,1388
1994,OutKast,30,1014
1994,Eagles,30,871
1994,Madonna,29,2429
1994,Collective Soul,29,2130
1994,Immature,29,2105
1994,Pretenders,29,1571
1994,Aretha Franklin,29,1178
1995,Boyz II Men,74,5369
1995,Brandy,72,5080
1995,TLC,59,5130
1995,Hootie & The Blowfish,57,4372
1995,Method Man,56,3011
1995,Blues Traveler,54,3670
1995,Sheryl Crow,54,3528
1995,Michael Jackson,50,3165
1995,All-4-One,49,3116
1995,The Notorious B.I.G.,45,3557
1995,Vanessa Williams,45,3042
1995,Montell Jordan,44,3079
1995,Collective Soul,41,2762
1995,2Pac,41,2149
1995,Bone Thugs-N-Harmony,41,1865
1995,Monica,40,3308
1995,Adina Howard,40,2724
1995,Martin Page,39,2326
1995,YoungBoy Never Broke Again,38,2932
1995,Melissa Etheridge,38,2769
1995,Des'ree,37,2424
1995,The Cover Girls,36,1433
1995,Immature,34,1813
1995,Tom Petty,34,1622
1995,R.E.M.,34,1471
1995,Mary J. Blige,32,1014
1995,Madonna,31,2750
1995,Lady Gaga,31,2446
1995,The Bachelors,31,2252
1995,Real McCoy,31,2047
1995,Sophie B. Hawkins,31,2002
1995,Ol' Dirty Bastard,31,841
1995,Jon B.,30,2178
1995,Naughty By Nature,30,1514
1995,Shaggy,29,2220
1995,Jodeci,29,1938
1995,Diana King,29,1935
1995,Bon Jovi,29,1373
1995,Brian McKnight,29,1007
1995,Elastica,29,763
1995,Seal,28,2446
1995,69 Boyz,28,1406
1995,Shania Twain,28,943
1995,Bonnie Tyler,27,2031
1995,Radiants,27,1823
1995,Del Shannon,27,1772
1995,Kodak Black,27,1475
1995,E-40,27,819
1995,Dionne Warwick,26,2104
1995,Dion,26,1915
1996,The Tony Rich Project,59,4251
1996,The Smashing Pumpkins,59,3453
1996,Coolio,57,3758
1996,R. Kelly,56,4155
1996,Whitney Houston,56,3800
1996,Alanis Morissette,55,4559
1996,Mariah Carey,54,4648
1996,Brandy,54,3892
1996,Gin Blossoms,54,3555
1996,Celine Dion,53,4757
1996,Hootie & The Blowfish,50,2816
1996,Total,49,3154
1996,George Michael,48,2104
1996,LL Cool J,47,3351
1996,Quad City DJ's,44,3038
1996,Bush,42,1843
1996,Toni Bra,40,3665
1996,Jann Arden,40,2705
1996,Garbage,40,1674
1996,Tracy Chapman,39,3194
1996,Dishwalla,39,2500
1996,Los Del Rio,38,3254
1996,Monica,37,2878
1996,Los Del Mar,36,1439
1996,Jewel,35,2584
1996,Morgan Wallen,34,2788
1996,Natalie Merchant,34,2370
1996,Oasis,34,1888
1996,Deborah Co,34,1753
1996,JAY-Z,34,958
1996,Busta Rhymes,33,1807
1996,Koe Wetzel,32,2282
1996,Collective Soul,32,2176
1996,Melissa Etheridge,32,1835
1996,Faith Evans,32,1309
1996,Lost Boyz,31,1209
1996,Alice Cooper,30,2310
1996,Bone Thugs-N-Harmony,30,1807
1996,Bryan Adams,30,1586
1996,Blues Traveler,29,1851
1996,Amber,29,1561
1996,Ace Of Base,29,1410
1996,Pearl Jam,29,1302
1996,Gloria Estefan,29,924
1996,Keith Sweat,28,2553
1996,Donna Lewis,28,2377
1996,Franck Pourcel's French Fiddles,28,2062
1996,Metallica,28,1210
1996,Lina Santiago,28,1119
1996,Cher,26,2131
1997,Spice Girls,72,6087
1997,Toni Bra,63,4796
1997,Puff Daddy,61,5422
1997,En Vogue,54,3517
1997,Chicago,54,3231
1997,Dru Hill,53,3863
1997,Jewel,52,4676
1997,R. Kelly,51,3805
1997,Duncan Sheik,50,3614
1997,The Notorious B.I.G.,46,3640
1997,Rome,46,2959
1997,Johnny Mathis,45,2274
1997,The Verve Pipe,42,2921
1997,K-Ci,41,1683
1997,Mark Morrison,40,3259
1997,Whitney Houston,40,2334
1997,Eric Clapton,38,2243
1997,Freak Nasty,37,2344
1997,U2,37,1494
1997,Babyface,36,2628
1997,Gina G,36,2269
1997,Mack 10,35,1737
1997,Bob Dylan,33,2553
1997,Changing Faces,33,2179
1997,Monica,32,2648
1997,Sheryl Crow,32,2252
1997,Rod Wave,32,1516
1997,Bone Thugs-N-Harmony,31,2036
1997,Sneaker Pimps,31,925
1997,Third Eye Blind,30,2611
1997,Paula Cole,30,2436
1997,Meredith Brooks,30,2383
1997,Lost Boyz,30,812
1997,SWV,30,515
1997,BLACKstreet,29,1815
1997,Madonna,29,1538
1997,LeAnn Rimes,28,2496
1997,Robyn,28,2221
1997,Fifty Fifty,28,2033
1997,Richard Marx,28,1095
1997,Backstreet Boys,27,2473
1997,Hanson,27,2332
1997,Ray J,26,1102
1997,Westside Connection,26,997
1997,Aerosmith,26,979
1997,OutKast,26,841
1997,Kenny G,26,584
1997,Sister Hazel,25,2060
1997,Shawn Colvin,25,1949
1997,98 Degrees,25,1828
1998,Third Eye Blind,69,4872
1998,Shania Twain,66,4743
1998,Master P,66,4360
1998,LeAnn Rimes,65,4827
1998,Savage Garden,61,5095
1998,Faith Hill,60,3477
1998,Ray Charles,55,3464
1998,Mase,54,4145
1998,Usher,51,4027
1998,Elton John,50,2687
1998,Paula Cole,47,3285
1998,Voices Of Theory,42,2616
1998,JAY-Z,41,1852
1998,Backstreet Boys,40,3008
1998,All Saints,37,2462
1998,Celine Dion,37,2071
1998,Kenny Rogers,36,2979
1998,DM,36,1421
1998,Pearl Jam,36,1244
1998,Big Punisher,34,1908
1998,The Lovin' Spoonful,33,1662
1998,Tim McGraw,33,585
1998,Sarah McLachlan,32,2623
1998,Will Smith,32,2478
1998,Aerosmith,32,2120
1998,Salt-N-Pepa,32,1122
1998,Olivia Newton-John,32,1050
1998,Madonna,31,2165
1998,Tracey Ullman,31,2096
1998,The Chanters,30,2485
1998,Metallica,29,957
1998,Marcy Playground,28,2165
1998,Wyclef Jean,28,1788
1998,Barenaked Ladies,28,1550
1998,Bad Company,28,1221
1998,Ariana Grande,27,2475
1998,LL Cool J,27,1001
1998,Naked Eyes,26,2065
1998,Lil Baby,26,1858
1998,2Pac,26,1124
1998,Playboi Carti,25,2161
1998,Lord Tariq,25,1711
1998,The Beatles,25,927
1998,Queen Pen,25,839
1998,Frank Sinatra,24,2176
1998,Monica,24,2096
1998,Jackson 5,24,1857
1998,Taylor Swift,24,1613
1998,Bill Withers,24,1512
1998,Kenny Loggins,24,1116
1999,Shania Twain,79,4100
1999,R. Kelly,78,4115
1999,JAY-Z,74,3625
1999,Backstreet Boys,67,5148
1999,TLC,64,4747
1999,Ricky Martin,64,4018
1999,Tim McGraw,56,3207
1999,Brandy,54,3105
1999,Lauryn Hill,54,3060
1999,Whitney Houston,50,3710
1999,Lenny Kravitz,50,3223
1999,George Strait,49,2350
1999,N Sync,47,2515
1999,Kenny Chesney,47,2168
1999,98 Degrees,44,3245
1999,Ginuwine,42,2014
1999,Britney Spears,41,3286
1999,Smash Mouth,39,3014
1999,Case,39,2250
1999,Faith Hill,39,1550
1999,Jo Dee Messina,37,1997
1999,Jennifer Lopez,36,2970
1999,702,35,3024
1999,Goo Goo Dolls,35,2373
1999,Destiny's Child,35,2323
1999,Juvenile,35,1839
1999,Steve Wariner,34,1307
1999,Morgan Wallen,33,1935
1999,Silk,33,1695
1999,Christina Aguilera,32,2584
1999,Deborah Co,32,2492
1999,Roger Miller,32,2222
1999,Lee Ann Womack,32,999
1999,$,31,2628
1999,Sugar Ray,31,2520
1999,Everlast,31,1992
1999,Sheryl Crow,31,1168
1999,Mark Wills,31,1124
1999,Blaque,30,2134
1999,Montgomery Gentry,30,804
1999,Monica,29,2450
1999,Red Hot Chili Peppers,29,2071
1999,Dru Hill,29,1306
1999,Alabama,29,1292
1999,Madonna,29,1216
1999,Reba,29,1036
1999,Chad Brock,29,731
1999,John Denver,28,1948
1999,Tal Bachman,28,1891
1999,Alan Jackson,28,1071
2000,Destiny's Child,84,6385
2000,Creed,75,5100
2000,Sisqo,68,4850
2000,Christina Aguilera,64,5198
2000,Santana,62,5273
2000,Toni Bra,60,3846
2000,Tim McGraw,55,2554
2000,Lonestar,54,3782
2000,JAY-Z,54,2518
2000,Britney Spears,50,2554
2000,Whitney Houston,50,2179
2000,Marc Anthony,48,2825
2000,Matchbox Twenty,47,3864
2000,Nelly,47,3300
2000,Brian McKnight,47,2445
2000,Yeat,45,3722
2000,Joe,44,3511
2000,Savage Garden,43,3085
2000,N Sync,42,3207
2000,Ray J,41,3262
2000,Dr. Dre,41,2312
2000,Red Hot Chili Peppers,41,1869
2000,Backstreet Boys,40,2902
2000,Don Toliver,39,2886
2000,George Strait,39,1928
2000,Da Brat,38,1508
2000,Mya,37,2080
2000,Toby Keith,36,1606
2000,Karyn White,35,2248
2000,Donell Jones,35,1907
2000,Kodak Black,34,2299
2000,Kenny Chesney,34,1137
2000,Champaign,32,2699
2000,Edwin Starr,32,2636
2000,BBMak,32,2213
2000,Nine Days,32,2106
2000,DM,32,1453
2000,Ricky Martin,30,1699
2000,Jennifer Lopez,30,1397
2000,Elton John,30,999
2000,Metallica,30,464
2000,Avant,29,1901
2000,Goo Goo Dolls,29,1562
2000,SHeDAISY,29,1054
2000,Clint Black,29,1041
2000,Limp Bizkit,29,465
2000,Eminem,28,1680
2000,Macy Gray,27,2142
2000,98 Degrees,27,1578
2000,Clay Walker,27,853
2001,Nelly,76,5958
2001,The Drifters,55,3688
2001,Matchbox Twenty,54,3138
2001,Tim McGraw,53,2694
2001,JAY-Z,53,2598
2001,Johnny Tillotson,52,2888
2001,Eve,51,3314
2001,Toby Keith,51,2719
2001,Staind,49,3216
2001,Jagged Edge,48,3820
2001,Alan Jackson,48,1875
2001,Lifehouse,47,3909
2001,Missy Elliott,45,3315
2001,Ludacris,45,2011
2001,Nelly Furtado,44,3226
2001,Ja Rule,43,2700
2001,Train,42,3280
2001,Trick Daddy,40,1675
2001,Usher,39,3278
2001,The Cover Girls,39,2908
2001,SZA,39,2542
2001,Backstreet Boys,39,1965
2001,Faith Hill,39,1870
2001,Jill Scott,39,1233
2001,Jennifer Lopez,38,2634
2001,Travis Tritt,38,1881
2001,Keith Urban,38,1601
2001,Jamie O'Neal,38,1549
2001,OutKast,37,2378
2001,Michael Jackson,36,1966
2001,Lee Ann Womack,35,2216
2001,P!nk,35,1950
2001,Blu Cantrell,34,2457
2001,Dream,34,1870
2001,Dave Matthews Band,34,1561
2001,Faith Evans,33,1214
2001,Brad Paisley,33,1096
2001,Destiny's Child,32,2447
2001,Rod Wave,32,1820
2001,Fuel,32,1240
2001,Toya,31,1830
2001,Connie Francis,30,2359
2001,YoungBoy Never Broke Again,30,2217
2001,Lonestar,30,1509
2001,112,29,2325
2001,Kenny Chesney,29,1374
2001,Linkin Park,29,663
2001,Jim Reeves,28,2157
2001,Snoop Dogg,28,650
2001,Craig David,27,2105
2002,Nelly,68,5867
2002,Puddle Of Mudd,68,4169
2002,Tim McGraw,68,3161
2002,P!nk,62,4849
2002,Jennifer Lopez,61,5042
2002,Ludacris,61,3466
2002,Toby Keith,61,3184
2002,Brandy,60,3610
2002,Vanessa Carlton,59,4100
2002,Alan Jackson,54,2591
2002,Eminem,53,4289
2002,Ja Rule,53,3661
2002,System Of A Down,53,1165
2002,Avril Lavigne,51,4088
2002,P. Diddy,49,4051
2002,Creed,49,3866
2002,B2K,49,2382
2002,Jimmy Eat World,47,2789
2002,Fat Joe,45,3260
2002,Kenny Chesney,45,2352
2002,Usher,43,3629
2002,Shakira,43,2782
2002,Nappy Roots,43,1587
2002,David Crosby,42,3238
2002,Musiq,42,2814
2002,Busta Rhymes,40,2271
2002,Elton John,40,1836
2002,Cam'Ron,39,3221
2002,Hoobastank,39,1237
2002,No Doubt,38,2956
2002,The Calling,37,3002
2002,Mary J. Blige,37,2412
2002,Clipse,36,1779
2002,Default,35,2171
2002,Brooks & Dunn,35,1430
2002,Sean Paul,35,1326
2002,Phil Vassar,35,1294
2002,Sheryl Crow,34,1999
2002,John Mayer,33,2304
2002,George Strait,33,1851
2002,Justin Bieber,33,1722
2002,Santana,33,1700
2002,Fabolous,33,1671
2002,Brad Paisley,33,1564
2002,R. Kelly,33,1060
2002,Nickelback,32,2688
2002,Ashanti,32,2650
2002,Angie Stone,31,615
2002,Tracy Byrd,30,1228
2002,Linkin Park,29,2501
2003,50 Cent,101,7881
2003,R. Kelly,93,6617
2003,Kenny Chesney,58,2671
2003,Sean Paul,56,4144
2003,Toby Keith,56,2792
2003,Matchbox Twenty,55,4227
2003,Tim McGraw,51,2238
2003,Nelly,50,3748
2003,Christina Aguilera,50,2944
2003,Audioslave,49,1757
2003,Chingy,48,3876
2003,Santana,47,3537
2003,Busta Rhymes,46,2805
2003,Rascal Flatts,46,2118
2003,Shania Twain,46,1985
2003,Lil' Kim,44,3231
2003,Missy Elliott,44,2928
2003,Trapt,43,2187
2003,DJ Khaled,41,3346
2003,Good Charlotte,41,1765
2003,Alan Jackson,40,2305
2003,Linkin Park,40,1766
2003,Alesso,39,3106
2003,Katy Perry,39,3106
2003,Ashanti,39,3008
2003,JAY-Z,39,2938
2003,Justin Timberlake,39,2501
2003,Tyrese,39,2314
2003,Gary Allan,39,1778
2003,Keith Urban,39,1760
2003,Martina McBride,39,1336
2003,John Mayer,38,2321
2003,Yeat,37,814
2003,Monica,36,1905
2003,2Pac,36,1184
2003,Dobie Gray,35,2606
2003,Lil Jon,35,2593
2003,Chevelle,35,993
2003,Beyonce,34,2786
2003,Avril Lavigne,33,2241
2003,Ja Rule,33,2097
2003,Jaheim,33,1909
2003,Evanescence,32,2557
2003,Eminem,32,1921
2003,Brad Paisley,32,1283
2003,Wayne Wonder,31,2021
2003,Kid Rock,29,2440
2003,Train,29,1858
2003,Little Big Town,29,1569
2003,Ginuwine,29,1538
2004,Usher,73,6047
2004,OutKast,67,5380
2004,Kenny Chesney,63,3473
2004,Kanye West,61,4536
2004,Twista,57,4248
2004,Toby Keith,57,2717
2004,Beyonce,54,3705
2004,JAY-Z,54,3252
2004,Alicia Keys,53,4572
2004,3 Doors Down,48,2824
2004,Tim McGraw,47,2704
2004,The Temptations,46,1615
2004,Nelly,45,2482
2004,Brooks & Dunn,44,1833
2004,Bad Company,43,3442
2004,T.I.,43,1827
2004,Linkin Park,43,1819
2004,Jet,43,1792
2004,Switchfoot,41,2688
2004,The Black Eyed Peas,40,2367
2004,Gretchen Wilson,40,1922
2004,Brad Paisley,40,1746
2004,George Strait,40,1509
2004,Petey Pablo,39,2588
2004,Ying Yang Twins,39,2294
2004,The 5 Chanels,38,3114
2004,Chingy,38,2918
2004,Beenie Man,38,1361
2004,Ciara,36,3011
2004,Rascal Flatts,36,1567
2004,Lonestar,35,1608
2004,Juvenile,35,1402
2004,Nickelback,35,982
2004,Cassidy,34,1941
2004,Jadakiss,34,1793
2004,Velvet Revolver,34,1101
2004,Avant,33,1768
2004,R. Kelly,33,1328
2004,Evanescence,32,2377
2004,Niall Horan,32,2177
2004,Terri Clark,32,1322
2004,Dave Loggins,31,2350
2004,Christina Milian,31,2073
2004,Juice WRLD,30,2608
2004,Mario Winans,30,2438
2004,J-Kwon,30,2408
2004,D12,30,1867
2004,Fairground Attraction,30,1355
2004,JoJo,29,1824
2004,Color Me Badd,28,2317
2005,50 Cent,84,5753
2005,Kelly Clarkson,78,6330
2005,The Black Eyed Peas,70,5093
2005,Gwen Stefani,69,4532
2005,Ciara,65,5108
2005,Destiny's Child,60,3516
2005,The Killers,55,3101
2005,Green Day,54,4291
2005,Mariah Carey,54,4167
2005,Rob Thomas,54,3134
2005,Keith Urban,54,2348
2005,Kanye West,52,3048
2005,Rascal Flatts,52,2487
2005,Fantasia,52,2432
2005,Kenny Chesney,49,1766
2005,The Game,46,3765
2005,The Pussycat Dolls,46,3570
2005,Alice Cooper,46,3143
2005,Daddy Yankee,46,2561
2005,Akon,45,2410
2005,T.I.,44,2615
2005,Papa Roach,44,2291
2005,Toby Keith,44,1788
2005,Pretty Ricky,42,2916
2005,Sugarland,42,1679
2005,Ying Yang Twins,41,2318
2005,Weezer,40,3009
2005,Frankie J,40,2513
2005,Ray Charles,40,2381
2005,Dierks Bentley,40,1451
2005,Brad Paisley,39,1540
2005,Craig Morgan,39,1347
2005,Jimmy Velvet,38,3254
2005,Rihanna,38,2580
2005,Taylor Swift,38,2515
2005,Gavin DeGraw,38,2292
2005,Shakira,38,1856
2005,Jennifer Lopez,37,2479
2005,Tim McGraw,37,1009
2005,Fall Out Boy,36,2658
2005,Ludacris,36,2296
2005,Josh Gracin,36,1321
2005,Brooks & Dunn,35,1042
2005,Faith Hill,33,1455
2005,Mike Jones,33,1363
2005,Gorillaz,32,2267
2005,Bee Gees,32,2087
2005,Howie Day,32,1877
2005,Gretchen Wilson,32,1099
2005,The Rings,31,2073
2006,Chris Brown,81,5944
2006,Rascal Flatts,80,4153
2006,The Fray,78,5095
2006,The Pussycat Dolls,70,5148
2006,The All-American Rejects,69,4833
2006,Sean Paul,65,5022
2006,Ne-Yo,63,4475
2006,Mary J. Blige,60,3588
2006,Nickelback,53,3779
2006,Fall Out Boy,51,3115
2006,Beyonce,50,3610
2006,Carrie Underwood,50,2818
2006,KT Tunstall,50,2258
2006,Brad Paisley,46,1971
2006,Panic! At The Disco,45,2656
2006,Natasha Bedingfield,44,3255
2006,Dem Franchize Boyz,42,2735
2006,T.I.,42,2601
2006,Tim McGraw,42,1793
2006,E-40,40,2195
2006,Dierks Bentley,39,1399
2006,Josh Turner,38,1584
2006,Kenny Chesney,37,1351
2006,Toby Keith,36,1070
2006,Fergie,34,2695
2006,James Blunt,34,2627
2006,The Black Eyed Peas,34,2439
2006,Bon Jovi,34,1764
2006,Shakira,33,2466
2006,Rihanna,33,2218
2006,Nelly Furtado,32,2670
2006,Fuel,32,2653
2006,Rob Thomas,32,994
2006,Chamillionaire,31,2435
2006,Red Hot Chili Peppers,31,2238
2006,Snow Patrol,31,2081
2006,Jamie Fo,31,1853
2006,Kanye West,31,1842
2006,Nick Lachey,31,1650
2006,Rod Wave,29,2374
2006,Cassie,29,2093
2006,Matt Monro,29,1986
2006,Bow Wow,29,1883
2006,Cascada,28,2034
2006,SZA,28,1992
2006,Lil Jon,28,1978
2006,Lil Yachty,28,1385
2006,Chingy,27,1580
2006,Paula DeAnda,27,1249
2006,Gwen Stefani,27,1193
2007,Carrie Underwood,86,5502
2007,Akon,76,5664
2007,Justin Timberlake,75,5610
2007,Beyonce,69,3237
2007,Gwen Stefani,66,4132
2007,P!nk,61,3748
2007,T-Pain,57,4649
2007,Kenny Chesney,56,2321
2007,T.I.,55,2889
2007,Fall Out Boy,54,3462
2007,Brad Paisley,54,2309
2007,Fergie,53,4185
2007,Rihanna,53,3364
2007,Linkin Park,52,2682
2007,Maroon 5,46,3301
2007,Chris Brown,44,2233
2007,Britney Spears,43,3181
2007,George Strait,43,1140
2007,Unk,42,2839
2007,Kelly Rowland,40,1558
2007,Tim McGraw,39,1566
2007,My Chemical Romance,39,1413
2007,Morgan Wallen,38,1862
2007,Musiq Soulchild,38,1571
2007,Good Neighbours,37,2630
2007,50 Cent,37,2210
2007,Plain White T's,36,2744
2007,The 4 Seasons,35,3065
2007,Keyshia Cole,35,2131
2007,Chris Montez,35,1866
2007,Sugarland,35,992
2007,Soulja Boy Tell'em,34,2760
2007,Toby Keith,34,999
2007,Metro Boomin,33,2531
2007,LISA,33,2296
2007,Ciara,33,1817
2007,Taylor Swift,33,1747
2007,The Fray,32,1931
2007,Amy Winehouse,32,1261
2007,Dierks Bentley,32,909
2007,Bobby Brown,31,2494
2007,DJ Khaled,31,1739
2007,Timbaland,30,2555
2007,Nickelback,30,2145
2007,Bonham,30,2071
2007,Gym Class Heroes,30,2030
2007,Bow Wow,30,1831
2007,Nelly Furtado,28,2077
2007,J. Holiday,28,1922
2007,Finger Eleven,28,1587
2008,Lil Wayne,115,7740
2008,Chris Brown,94,5901
2008,Taylor Swift,88,5036
2008,Brad Paisley,64,2686
2008,Leona Lewis,62,4892
2008,Kenny Chesney,58,2264
2008,George Strait,58,1969
2008,Britney Spears,55,3318
2008,Usher,55,3252
2008,Rascal Flatts,54,1842
2008,Madonna,50,3933
2008,Keyshia Cole,47,1911
2008,Paramore,47,1601
2008,Coldplay,45,3166
2008,The-Dream,44,2333
2008,Carrie Underwood,43,2059
2008,Maroon 5,42,1567
2008,Montgomery Gentry,41,1333
2008,Trace Adkins,40,1896
2008,Toby Keith,40,1198
2008,Kanye West,39,2377
2008,Plies,38,2087
2008,Jonas Brothers,38,1593
2008,T.I.,37,2963
2008,Rihanna,36,3151
2008,Flo Rida,36,2405
2008,Kid Rock,36,1844
2008,Jordin Sparks,35,2747
2008,Saweetie,35,2577
2008,Natasha Bedingfield,35,2466
2008,Elvis Presley,35,2325
2008,Justin Bieber,34,2871
2008,Rod Wave,33,2805
2008,Estelle,33,1900
2008,David Cook,33,1730
2008,SZA,32,2760
2008,T-Pain,32,2310
2008,3 Doors Down,31,1633
2008,OneRepublic,30,2093
2008,Kay Flock,30,2063
2008,Mariah Carey,30,1881
2008,Jazmine Sullivan,30,1543
2008,Brooks & Dunn,29,640
2008,21 Savage,28,2017
2008,Beyonce,28,1611
2008,Colbie Caillat,28,1539
2008,Miley Cyrus,28,1518
2008,Gavin Rossdale,28,1336
2008,Boys Like Girls,28,783
2008,Lady Antebellum,28,716
2009,Lady Gaga,113,9103
2009,Taylor Swift,105,7289
2009,Beyonce,92,6518
2009,The Black Eyed Peas,75,6485
2009,Kelly Clarkson,63,4618
2009,Britney Spears,61,4739
2009,Flo Rida,61,4353
2009,Pitbull,60,4419
2009,P!nk,59,3837
2009,Kings Of Leon,58,3445
2009,T.I.,57,4489
2009,JAY-Z,54,3649
2009,Keri Hilson,53,4022
2009,Zac Brown Band,52,3051
2009,3OH!3,48,2534
2009,Keith Urban,47,1911
2009,Kenny Chesney,47,1848
2009,Jason Aldean,45,2501
2009,Brad Paisley,45,1987
2009,Kid Cudi,44,2597
2009,Lady Antebellum,44,2319
2009,Toby Keith,44,1729
2009,Drake,43,2184
2009,Katy Perry,42,3326
2009,Nickelback,42,2511
2009,Dierks Bentley,42,1863
2009,Elvis Presley,41,3108
2009,Ne-Yo,41,2142
2009,Jeremih,40,2303
2009,The Fray,39,2959
2009,Janet Jackson,39,1374
2009,Thirty Eight Special,38,2530
2009,Justin Bieber,38,1892
2009,The Pussycat Dolls,38,1785
2009,Trey Songz,37,1303
2009,Miley Cyrus,36,2379
2009,George Strait,36,998
2009,Green Day,35,2037
2009,Billy Currington,35,1471
2009,Keyshia Cole,34,673
2009,The All-American Rejects,33,2596
2009,Linkin Park,31,1593
2009,Sean Kingston,30,2046
2009,Eminem,30,1819
2009,Jesse McCartney,30,1647
2009,Lil Wayne,30,1001
2009,New Boyz,29,1317
2009,The-Dream,29,1201
2009,The Kingsmen,28,2342
2009,Jamie Fo,28,2224
2010,Usher,138,8842
2010,Ke$ha,107,7907
2010,Drake,100,5984
2010,Glee Cast,100,4178
2010,Taylor Swift,92,5397
2010,Lady Gaga,91,7285
2010,Lady Antebellum,89,5243
2010,The Black Eyed Peas,88,6388
2010,Trey Songz,87,5172
2010,B.o.B,80,6302
2010,Jason Derulo,77,5491
2010,Rihanna,73,5328
2010,Eminem,72,5346
2010,Train,67,4602
2010,Timbaland,61,3714
2010,Katy Perry,60,5229
2010,Justin Bieber,60,3236
2010,Taio Cruz,58,5057
2010,Zac Brown Band,57,2470
2010,Carrie Underwood,56,2579
2010,JAY-Z,55,3645
2010,Alicia Keys,53,3400
2010,Young Money,53,2755
2010,Jason Aldean,53,2089
2010,David Guetta,52,2947
2010,Lil Wayne,52,2434
2010,Ludacris,51,3333
2010,Adam Lambert,50,2904
2010,OneRepublic,49,3131
2010,The Script,47,2734
2010,Chris Brown,47,2524
2010,Brad Paisley,47,1462
2010,Miranda Lambert,46,1892
2010,Blake Shelton,45,1351
2010,Jay Sean,44,3018
2010,Selena Gomez,42,2010
2010,Keith Urban,42,1158
2010,Mike Posner,41,3094
2010,Sean Kingston,40,2025
2010,Billy Currington,40,1287
2010,Enrique Iglesias,39,2747
2010,T.I.,39,1566
2010,Easton Corbin,39,1064
2010,Daughtry,37,1702
2010,John Mayer,37,1701
2010,Kenny Chesney,37,1699
2010,Shakira,37,1160
2010,Bruno Mars,36,2608
2010,Michael Buble,35,2225
2010,Iyaz,35,2222
2011,Rihanna,120,8225
2011,Katy Perry,105,8663
2011,Lil Wayne,103,6478
2011,Nicki Minaj,102,6416
2011,Chris Brown,102,5551
2011,Adele,98,6422
2011,Bruno Mars,96,7198
2011,Glee Cast,91,3427
2011,Pitbull,87,5980
2011,Lady Gaga,79,5976
2011,Taylor Swift,75,3686
2011,Jason Aldean,69,4224
2011,Lady Antebellum,68,3880
2011,Britney Spears,67,4755
2011,Drake,63,3747
2011,Wiz Khalifa,63,3506
2011,Brad Paisley,62,2574
2011,Blake Shelton,60,3706
2011,Beyonce,60,2460
2011,David Guetta,58,3250
2011,LMFAO,55,4749
2011,Zac Brown Band,54,2960
2011,Big Sean,53,2718
2011,Kenny Chesney,53,2322
2011,P!nk,50,3863
2011,The Black Eyed Peas,50,3615
2011,Lupe Fiasco,50,2919
2011,Selena Gomez,49,2699
2011,The Script,48,2473
2011,Jennifer Lopez,47,2872
2011,Keith Urban,47,1695
2011,Luke Bryan,46,2444
2011,Usher,45,2903
2011,Enrique Iglesias,44,2991
2011,Maroon 5,44,2877
2011,Chris Young,44,1760
2011,Miranda Lambert,44,1605
2011,Toby Keith,44,1529
2011,Kelly Clarkson,43,2685
2011,Rascal Flatts,43,1875
2011,OneRepublic,42,2998
2011,Trey Songz,42,1519
2011,Hot Chelle Rae,41,2532
2011,Jay Z Kanye West,41,2309
2011,T-Pain,41,2164
2011,Eric Church,41,1257
2011,Ke$ha,40,3078
2011,New Boyz,39,1960
2011,Miguel,38,1459
2011,Thompson Square,38,1324
2012,Drake,136,7046
2012,Rihanna,117,8098
2012,Nicki Minaj,107,6041
2012,Flo Rida,102,7745
2012,Taylor Swift,95,5495
2012,Adele,89,6467
2012,Maroon 5,84,6601
2012,David Guetta,84,5845
2012,fun.,83,6193
2012,Chris Brown,72,3623
2012,One Direction,71,4431
2012,Kelly Clarkson,68,4323
2012,Usher,68,3861
2012,Justin Bieber,66,4735
2012,LMFAO,66,4356
2012,Trey Songz,64,2266
2012,Katy Perry,62,5203
2012,Ellie Goulding,61,3732
2012,Pitbull,57,3505
2012,Luke Bryan,57,3352
2012,Train,56,3798
2012,The Wanted,54,3446
2012,Jason Aldean,54,2528
2012,Calvin Harris,52,3324
2012,Gotye,51,4168
2012,2 Chainz,51,2484
2012,Kanye West,50,3716
2012,Kenny Chesney,50,2002
2012,J. Cole,48,2010
2012,Gym Class Heroes,47,3079
2012,B.o.B,47,2078
2012,Lil Wayne,47,1327
2012,Tyga,46,2636
2012,Eric Church,46,2345
2012,Carly Rae Jepsen,45,3754
2012,Hunter Hayes,45,2098
2012,Zac Brown Band,45,1475
2012,Jason Mraz,44,2752
2012,Imagine Dragons,44,1559
2012,Carrie Underwood,43,2719
2012,Beyonce,43,1019
2012,Lee Brice,42,1908
2012,Blake Shelton,41,1561
2012,Rascal Flatts,40,1339
2012,Skrillex,40,621
2012,Neon Trees,39,2716
2012,Miranda Lambert,39,1595
2012,Dierks Bentley,38,1336
2012,Tim McGraw,38,1297
2012,Jake Owen,37,1531
2013,Macklemore,120,8584
2013,Taylor Swift,119,6787
2013,Imagine Dragons,106,7503
2013,Rihanna,103,6127
2013,Bruno Mars,97,7383
2013,Justin Timberlake,96,6836
2013,Florida Georgia Line,86,5449
2013,Drake,83,4834
2013,One Direction,71,3268
2013,P!nk,69,4810
2013,Luke Bryan,64,3689
2013,Blake Shelton,61,3621
2013,Maroon 5,60,4621
2013,Tim McGraw,57,2640
2013,JAY-Z,56,2916
2013,Chris Brown,55,2562
2013,Hunter Hayes,54,2847
2013,Lil Wayne,49,3170
2013,J. Cole,49,2959
2013,Kendrick Lamar,49,2518
2013,Miley Cyrus,47,3924
2013,Robin Thicke,47,3632
2013,AWOLNATION,47,3060
2013,The Lumineers,47,2871
2013,Jason Aldean,47,1986
2013,B.o.B,47,1186
2013,Calvin Harris,46,3257
2013,Zedd,46,2974
2013,Pitbull,45,3281
2013,Phillip Phillips,45,2827
2013,Future,45,1101
2013,Lorde,44,2493
2013,Anna Kendrick,44,2460
2013,Lana Del Rey,44,2365
2013,Eminem,43,2929
2013,Katy Perry,41,3278
2013,Selena Gomez,41,2807
2013,Sage The Gemini,41,1986
2013,Ariana Grande,40,2335
2013,Lee Brice,40,1262
2013,Justin Bieber,39,2248
2013,Ke$ha,39,2032
2013,Miranda Lambert,39,1759
2013,Carrie Underwood,39,1600
2013,will.i.am,38,2781
2013,A$AP Rocky,37,1802
2013,2 Chainz,37,1566
2013,Lady Antebellum,37,1280
2013,OneRepublic,35,1984
2013,Darius Rucker,35,1834
2014,Katy Perry,108,7405
2014,Iggy Azalea,91,5911
2014,Jason Derulo,89,6104
2014,Pitbull,73,4078
2014,Imagine Dragons,72,3783
2014,Florida Georgia Line,69,4000
2014,Beyonce,68,3673
2014,OneRepublic,65,4787
2014,Lorde,65,4286
2014,Chris Brown,64,4009
2014,Drake,64,2937
2014,Ariana Grande,62,4964
2014,Pharrell Williams,62,4342
2014,Ed Sheeran,61,3693
2014,Luke Bryan,60,3243
2014,One Direction,59,3189
2014,Kid Ink,55,2533
2014,Demi Lovato,54,2621
2014,Sam Smith,53,3950
2014,Trey Songz,53,2390
2014,Eminem,52,2877
2014,Blake Shelton,52,2040
2014,John Legend,51,4110
2014,Avicii,50,3584
2014,Calvin Harris,49,3096
2014,Nicki Minaj,47,2936
2014,5 Seconds Of Summer,47,2253
2014,Brantley Gilbert,47,1935
2014,Jason Aldean,45,2406
2014,Miranda Lambert,45,1728
2014,Coldplay,43,2354
2014,Maroon 5,42,3274
2014,Shakira,42,1573
2014,Kristen Bell,41,1268
2014,Nico,40,2755
2014,Keith Urban,40,1508
2014,Ty Dolla $ign,40,1432
2014,T.I.,39,1753
2014,Dierks Bentley,39,1737
2014,Frankie Ballard,38,1116
2014,DJ Snake,37,2921
2014,YG,37,1935
2014,Bastille,36,2937
2014,Meghan Trainor,36,2651
2014,ScHoolboy Q,35,1298
2014,Eric Church,35,1278
2014,MAGIC!,34,2812
2014,Lady Antebellum,34,1665
2014,Tim McGraw,34,1119
2014,Disclosure,33,2195
2015,Drake,189,7342
2015,Taylor Swift,134,10435
2015,The Weeknd,133,9500
2015,Fetty Wap,126,9125
2015,Meghan Trainor,88,6101
2015,Ed Sheeran,87,6746
2015,Nicki Minaj,82,4447
2015,Maroon 5,71,5408
2015,Rae Sremmurd,67,2911
2015,Sam Smith,64,4277
2015,Luke Bryan,63,2709
2015,Justin Bieber,62,3797
2015,Sam Hunt,62,3630
2015,One Direction,60,3233
2015,Fall Out Boy,59,3148
2015,Big Sean,55,2691
2015,Selena Gomez,53,4056
2015,Blake Shelton,51,1962
2015,J. Cole,51,1522
2015,Mark Ronson,50,4478
2015,Nick Jonas,50,3228
2015,Flo Rida,49,2862
2015,WALK THE MOON,48,3550
2015,Fifth Harmony,48,2823
2015,Florida Georgia Line,48,1790
2015,Rihanna,47,3253
2015,Thomas Rhett,47,2157
2015,Ellie Goulding,46,3786
2015,Sia,46,2836
2015,Jason Derulo,45,3102
2015,Future,45,1803
2015,Wiz Khalifa,43,3284
2015,Calvin Harris,43,2347
2015,Carrie Underwood,43,1655
2015,Silento,42,3253
2015,Major Lazer,42,2883
2015,Pitbull,42,2623
2015,Skrillex,41,2845
2015,Chris Young,41,1363
2015,Ariana Grande,40,2963
2015,Tove Lo,40,2696
2015,Meek Mill,40,1783
2015,Zac Brown Band,40,1555
2015,Jason Aldean,40,1293
2015,Kenny Chesney,39,1140
2015,Keith Urban,38,1306
2015,Omarion,37,2434
2015,Cole Swindell,37,1052
2015,Shawn Mendes,36,2208
2015,Rachel Platten,35,2402
2016,Drake,273,16072
2016,The Weeknd,116,6832
2016,Rihanna,110,7019
2016,Justin Bieber,108,7864
2016,twenty one pilots,106,8558
2016,The Chainsmokers,100,7887
2016,Shawn Mendes,80,5523
2016,Ariana Grande,70,5213
2016,Adele,68,5103
2016,Future,68,3815
2016,Bryson Tiller,65,3676
2016,Kanye West,63,1623
2016,Sia,60,4382
2016,Desiigner,60,4350
2016,Beyonce,59,2876
2016,Florida Georgia Line,58,3053
2016,Fetty Wap,58,2715
2016,DJ Khaled,57,2976
2016,Meghan Trainor,56,3992
2016,Fifth Harmony,55,3836
2016,Alessia Cara,53,3053
2016,Major Lazer,53,3025
2016,Kevin Gates,52,2544
2016,Luke Bryan,51,1894
2016,Selena Gomez,50,3402
2016,Charlie Puth,48,3383
2016,DNCE,48,3240
2016,Lukas Graham,47,3270
2016,Thomas Rhett,45,2122
2016,Lil Uzi Vert,45,1222
2016,Keith Urban,44,1733
2016,Carrie Underwood,43,1454
2016,Calvin Harris,42,3431
2016,Blake Shelton,42,1391
2016,DJ Snake,40,2940
2016,Cole Swindell,40,1580
2016,Dierks Bentley,40,1562
2016,Daya,39,2248
2016,Jason Aldean,39,1285
2016,Tory Lanez,38,2500
2016,Coldplay,38,2122
2016,Young Thug,38,1555
2016,Mike Posner,37,2935
2016,Travis Scott,37,1726
2016,gnash,36,2246
2016,Flo Rida,35,2792
2016,James Bay,34,1880
2016,Kenny Chesney,34,1220
2016,Zara Larsson,33,1856
2016,Tim McGraw,33,1147
2017,Kendrick Lamar,139,7879
2017,Drake,116,5446
2017,Ed Sheeran,115,8026
2017,The Chainsmokers,110,8192
2017,Post Malone,92,6003
2017,Bruno Mars,91,6850
2017,Migos,90,6122
2017,Lil Uzi Vert,83,4434
2017,Imagine Dragons,79,5381
2017,Future,79,3873
2017,The Weeknd,70,3993
2017,Chris Brown,66,2167
2017,Khalid,65,4298
2017,Shawn Mendes,64,4886
2017,Taylor Swift,64,4524
2017,DJ Khaled,64,4523
2017,Kodak Black,63,3033
2017,21 Savage,60,3232
2017,Maroon 5,54,3913
2017,Travis Scott,54,2154
2017,Thomas Rhett,54,2092
2017,Luis Fonsi,52,3956
2017,Big Sean,52,2643
2017,Niall Horan,49,3062
2017,2 Chainz,48,1254
2017,Calvin Harris,47,2434
2017,Gucci Mane,46,2643
2017,James Arthur,44,3290
2017,Charlie Puth,44,3249
2017,Alessia Cara,44,2327
2017,Brett Young,44,2015
2017,Sam Hunt,42,3360
2017,Rae Sremmurd,42,2554
2017,Luke Combs,42,2054
2017,Childish Gambino,41,2329
2017,SZA,40,2054
2017,Zayn,39,2355
2017,French Montana,37,2978
2017,Halsey,37,2433
2017,Hailee Steinfeld,37,1448
2017,Blake Shelton,37,1208
2017,Logic,36,2328
2017,Jon Pardi,36,1524
2017,Selena Gomez,34,1769
2017,A Boogie Wit da Hoodie,34,1259
2017,J. Cole,33,1110
2017,Zedd,32,2553
2017,Katy Perry,31,1371
2017,Kygo,30,2337
2017,KYLE,30,2332
2018,Post Malone,194,13315
2018,Drake,179,12929
2018,Cardi B,145,9448
2018,Khalid,96,5115
2018,6i,91,4631
2018,Lil Baby,87,4907
2018,Migos,86,4849
2018,Ariana Grande,82,6047
2018,Juice WRLD,75,4266
2018,Imagine Dragons,74,5476
2018,Camila Cabello,69,5068
2018,Travis Scott,64,3871
2018,Bebe Re,63,4761
2018,Maroon 5,58,4626
2018,Eminem,58,2730
2018,Ella Mai,55,4099
2018,Bazzi,54,3842
2018,Dan + Shay,53,2811
2018,Marshmello,51,3821
2018,Dua Lipa,51,2884
2018,YoungBoy Never Broke Again,51,1742
2018,Taylor Swift,50,3017
2018,Ed Sheeran,49,4279
2018,The Weeknd,46,2881
2018,Kane Brown,46,2237
2018,Luke Combs,46,1972
2018,Lil Wayne,45,2256
2018,Nicki Minaj,45,1878
2018,Jason Aldean,43,1985
2018,Halsey,42,2669
2018,Zedd,41,3312
2018,Lauv,41,1949
2018,Meek Mill,41,1525
2018,Selena Gomez,40,2861
2018,Lil Skies,40,839
2018,G-Eazy,39,2627
2018,Rich The Kid,39,2204
2018,NF,39,2110
2018,Kendrick Lamar,38,2683
2018,Shawn Mendes,38,2165
2018,Kodak Black,38,1948
2018,Thomas Rhett,37,1749
2018,Ozuna,37,860
2018,Tyga,36,2358
2018,Luke Bryan,36,1316
2018,Kanye West,35,1754
2018,J. Cole,35,1711
2018,Logic,35,1343
2018,Charlie Puth,34,1770
2018,Old Dominion,34,1103
2019,Post Malone,206,15457
2019,Billie Eilish,159,7615
2019,Ariana Grande,130,9103
2019,Khalid,113,7088
2019,DaBaby,99,5264
2019,Jonas Brothers,85,5578
2019,Lil Baby,85,4732
2019,Taylor Swift,81,5040
2019,Lil Nas,76,6142
2019,Marshmello,76,4899
2019,Ed Sheeran,74,5431
2019,Juice WRLD,71,3666
2019,Luke Combs,68,4263
2019,Dan + Shay,68,4194
2019,Cardi B,67,4356
2019,Halsey,66,4903
2019,Sam Smith,65,4902
2019,A Boogie Wit da Hoodie,64,3197
2019,Chris Brown,57,3896
2019,Travis Scott,57,3691
2019,YNW Melly,57,2597
2019,Panic! At The Disco,56,4072
2019,Lizzo,54,4345
2019,Young Thug,54,3184
2019,Mustard,53,2773
2019,Shawn Mendes,52,4480
2019,Meek Mill,52,3014
2019,Summer Walker,50,1687
2019,Megan Thee Stallion,48,2181
2019,Thomas Rhett,43,1697
2019,Bad Bunny,42,2039
2019,The Chainsmokers,42,1516
2019,Anuel AA,41,1175
2019,YoungBoy Never Broke Again,41,1011
2019,benny blanco,40,2538
2019,Lil Tecca,39,2417
2019,21 Savage,39,2042
2019,Ellie Goulding,39,1869
2019,Lady Gaga,37,2573
2019,Old Dominion,37,1307
2019,Jason Aldean,37,1280
2019,DJ Khaled,37,1217
2019,Maroon 5,35,2989
2019,5 Seconds Of Summer,35,1957
2019,NLE Choppa,35,1522
2019,Ava Ma,34,2571
2019,Luke Bryan,34,1414
2019,Maren Morris,34,1170
2019,Drake,33,2183
2019,City Girls,33,1922
2020,Lil Baby,150,6887
2020,Pop Smoke,135,7672
2020,Juice WRLD,122,5944
2020,DaBaby,107,6296
2020,The Weeknd,104,7929
2020,Dua Lipa,90,6948
2020,Morgan Wallen,86,4287
2020,Harry Styles,81,6406
2020,Megan Thee Stallion,79,4229
2020,Roddy Ricch,78,5481
2020,Justin Bieber,77,5506
2020,Bad Bunny,76,2270
2020,Lil Uzi Vert,74,3067
2020,Doja Cat,71,4011
2020,Luke Combs,71,3590
2020,Taylor Swift,70,3238
2020,Future,69,4177
2020,Rod Wave,67,2659
2020,Lewis Capaldi,66,4826
2020,Drake,66,4529
2020,Kane Brown,60,3075
2020,Ariana Grande,55,3103
2020,Polo G,55,1184
2020,Chris Brown,54,3916
2020,Jack Harlow,54,3543
2020,Post Malone,53,4239
2020,Billie Eilish,53,3794
2020,YoungBoy Never Broke Again,53,1144
2020,Gabby Barrett,51,3921
2020,Jhene Aiko,48,1384
2020,Thomas Rhett,45,1615
2020,Blake Shelton,44,2228
2020,Dan + Shay,41,2552
2020,Maren Morris,39,3082
2020,Maroon 5,38,2801
2020,Trevor Daniel,38,2434
2020,Jonas Brothers,38,2015
2020,Jason Aldean,37,1785
2020,Luke Bryan,36,1764
2020,Eminem,35,1490
2020,SAINt JHN,34,2785
2020,DJ Khaled,34,1811
2020,Black Eyed Peas,34,1620
2020,21 Savage,34,1446
2020,Gunna,34,811
2020,Lil Mosey,33,2465
2020,Lady Gaga,33,2232
2020,Sam Hunt,31,1789
2020,Don Toliver,31,839
2020,BTS,30,2234
2021,Drake,184,11004
2021,Olivia Rodrigo,172,12072
2021,Doja Cat,156,9899
2021,Justin Bieber,108,7159
2021,Morgan Wallen,102,3650
2021,The Weeknd,101,8504
2021,Lil Nas,84,6387
2021,Dua Lipa,83,6096
2021,Taylor Swift,75,3304
2021,The Kid LAROI,72,5011
2021,Luke Combs,72,4158
2021,Moneybagg Yo,72,3343
2021,Pop Smoke,69,3985
2021,Billie Eilish,63,3854
2021,Lil Baby,63,2879
2021,Ariana Grande,61,4672
2021,Silk Sonic,57,4230
2021,Bad Bunny,57,2900
2021,Rod Wave,57,1907
2021,Megan Thee Stallion,55,3143
2021,Ed Sheeran,54,4312
2021,Kanye West,54,2388
2021,Kane Brown,52,2127
2021,Glass Animals,48,3197
2021,Polo G,47,2506
2021,Giveon,44,2285
2021,BTS,43,3248
2021,J. Cole,43,2159
2021,Lil Durk,43,996
2021,Chris Stapleton,42,1905
2021,Jordan Davis,42,1521
2021,Thomas Rhett,41,1644
2021,Young Thug,41,1478
2021,Saweetie,39,2463
2021,Dan + Shay,39,1530
2021,Yung Bleu,38,1738
2021,Jason Aldean,37,2076
2021,Luke Bryan,37,1445
2021,DaBaby,37,1357
2021,MGK,36,2290
2021,H.E.R.,36,1102
2021,Gabby Barrett,35,2192
2021,P!nk,35,772
2021,Lil Tjay,34,2119
2021,24kGoldn,33,2694
2021,Dustin Lynch,33,1111
2021,Pooh Shiesty,31,1782
2021,Keith Urban,30,717
2021,Maren Morris,29,1368
2021,Ryan Hurd,29,1368
2022,Bad Bunny,256,13127
2022,Drake,155,8979
2022,Doja Cat,128,8691
2022,Taylor Swift,127,6335
2022,Morgan Wallen,119,7405
2022,Lil Baby,110,4537
2022,Harry Styles,107,7515
2022,Ed Sheeran,90,6556
2022,Future,82,5024
2022,Lil Durk,75,3282
2022,Gunna,74,2988
2022,Post Malone,73,5001
2022,The Weeknd,69,3973
2022,Lil Nas,68,4881
2022,SZA,65,3629
2022,Bailey Zimmerman,65,3350
2022,Beyonce,60,3568
2022,The Kid LAROI,55,4381
2022,Elton John,54,3869
2022,Luke Combs,54,3032
2022,Imagine Dragons,52,2958
2022,Lizzo,50,3245
2022,Jack Harlow,49,3345
2022,Kane Brown,49,2512
2022,Rod Wave,48,1305
2022,Cole Swindell,47,2695
2022,Kendrick Lamar,46,2340
2022,Glass Animals,43,3996
2022,Justin Bieber,43,3421
2022,Latto,43,3394
2022,Walker Hayes,43,2554
2022,Kodak Black,40,2936
2022,Sam Hunt,40,1422
2022,Nardo Wick,40,1285
2022,YoungBoy Never Broke Again,39,896
2022,Megan Thee Stallion,38,1635
2022,Steve Lacy,37,2371
2022,Zach Bryan,37,2220
2022,Jordan Davis,37,1838
2022,Russell Dickerson,37,562
2022,Nicki Minaj,36,2312
2022,Stephanie Beatriz,35,1365
2022,Adele,33,2665
2022,Em Beihold,32,1917
2022,Charlie Puth,32,1799
2022,Thomas Rhett,32,1072
2022,Karol G,31,1684
2022,Metro Boomin,29,1389
2022,Chris Brown,28,1260
2022,Brent Faiyaz,28,588
2023,Morgan Wallen,362,20167
2023,Taylor Swift,231,15646
2023,SZA,203,11869
2023,Drake,171,9510
2023,Zach Bryan,152,7704
2023,Metro Boomin,118,6578
2023,Peso Pluma,117,4034
2023,Luke Combs,115,7586
2023,Rod Wave,101,3002
2023,Travis Scott,93,4675
2023,Olivia Rodrigo,88,5128
2023,Karol G,81,2981
2023,Fuerza Regida,74,2836
2023,Bad Bunny,71,3338
2023,Jelly Roll,65,3713
2023,Lainey Wilson,62,3055
2023,Nicki Minaj,59,3416
2023,Harry Styles,57,3671
2023,The Weeknd,56,3649
2023,Bailey Zimmerman,54,4041
2023,Lil Uzi Vert,51,2745
2023,Ice Spice,50,1915
2023,Kane Brown,49,2931
2023,Post Malone,47,2645
2023,HARDY,46,1819
2023,Lauren Spencer-Smith,45,4127
2023,David Guetta,45,2912
2023,Grupo Frontera,44,1920
2023,Doja Cat,42,3233
2023,Rema,41,3594
2023,Gunna,41,2768
2023,Noah Kahan,41,2119
2023,Jordan Davis,40,2054
2023,Miley Cyrus,38,1663
2023,Lil Baby,37,1004
2023,Dua Lipa,32,2459
2023,Jung Kook,31,1395
2023,Katelyn Brown,30,2084
2023,Chris Brown,30,1984
2023,Cody Johnson,30,633
2023,Miguel,29,2292
2023,Doechii,29,1368
2023,Parker McCollum,29,1097
2023,Jason Aldean,28,1341
2023,Toosii,27,2179
2023,Tyler,27,826
2023,Coi Leray,26,1810
2023,Fifty Fifty,25,1591
2023,Megan Moroney,25,1149
2023,Bizarrap,25,1106
2024,Taylor Swift,242,13721
2024,Sabrina Carpenter,186,12914
2024,Future,149,7713
2024,Chappell Roan,139,7704
2024,Billie Eilish,138,8316
2024,Zach Bryan,125,7171
2024,Morgan Wallen,122,8160
2024,Kendrick Lamar,100,6911
2024,Post Malone,96,6252
2024,GloRilla,96,5469
2024,Ariana Grande,85,4932
2024,Benson Boone,84,6161
2024,Teddy Swims,82,6157
2024,Drake,75,3651
2024,Dua Lipa,74,4141
2024,21 Savage,74,3125
2024,Jelly Roll,73,3900
2024,Luke Combs,69,4783
2024,Tate McRae,61,3873
2024,Beyonce,58,3134
2024,Tucker Wetmore,58,1465
2024,Charli,56,2133
2024,SZA,53,4370
2024,Tyler,53,2462
2024,Noah Kahan,51,3216
2024,Gracie Abrams,51,2144
2024,The Weeknd,50,2414
2024,Hozier,49,3583
2024,$,47,2191
2024,Gunna,47,1802
2024,Rod Wave,46,1194
2024,Koe Wetzel,45,2268
2024,Lainey Wilson,45,1584
2024,Tommy Richman,44,3259
2024,Cody Johnson,44,1906
2024,Doja Cat,43,3344
2024,Fuerza Regida,42,942
2024,Peso Pluma,41,1218
2024,Shaboozey,40,3568
2024,Olivia Rodrigo,40,1727
2024,Chris Stapleton,40,1329
2024,Nicki Minaj,39,1881
2024,Don Toliver,39,686
2024,Thomas Rhett,38,936
2024,Dasha,36,2516
2024,Travis Scott,35,1124
2024,Sam Hunt,34,803
2024,Jack Harlow,33,2777
2024,Nate Smith,33,1665
2024,Megan Thee Stallion,33,1439
2025,Morgan Wallen,372,21853
2025,Kendrick Lamar,201,13969
2025,Sabrina Carpenter,182,11358
2025,Bad Bunny,161,6479
2025,Drake,108,5559
2025,Benson Boone,101,7625
2025,HUNTRX,100,6962
2025,Tate McRae,97,4646
2025,Shaboozey,83,6339
2025,Billie Eilish,81,5401
2025,SZA,80,4424
2025,Chappell Roan,77,5526
2025,Teddy Swims,75,5098
2025,The Weeknd,75,3982
2025,Taylor Swift,73,5947
2025,sombr,73,4471
2025,Fuerza Regida,66,1430
2025,Lady Gaga,61,4611
2025,Playboi Carti,59,2312
2025,Tyler,59,2153
2025,Cardi B,59,2035
2025,Justin Bieber,56,3684
2025,PARTYNE,53,2144
2025,Riley Green,50,2534
2025,Megan Moroney,49,2036
2025,Post Malone,43,3195
2025,Myles Smith,43,1942
2025,Saja Boys,41,3511
2025,Leon Thomas,41,3052
2025,Doechii,41,2775
2025,The Maras,39,1895
2025,Jelly Roll,38,1471
2025,ROSE,36,2911
2025,Chris Brown,36,1988
2025,Ravyn Lenae,33,2488
2025,Lainey Wilson,33,1141
2025,Gracie Abrams,32,2424
2025,Jordan Davis,31,1071
2025,Russell Dickerson,30,1581
2025,Sam Barber,30,1340
2025,Bailey Zimmerman,30,1329
2025,Hudson Westbrook,30,1026
2025,Lola Young,29,2133
2025,Ariana Grande,29,1022
2025,Ella Langley,28,1380
2025,Ed Sheeran,28,996
2025,KATSEYE,28,774
2025,Olivia Dean,27,1314
2025,Thomas Rhett,27,1181
2025,Jessie Murph,26,1639
